
"Adults Reporting Mold in the Home", ,
 ,Percent,,
Row Labels,2012,,
Borough,
Bronx,12.9,,
Brooklyn,10.5,,
Manhattan,8,,
Queens,8.6,,
Staten Island,5.5,,

 ,Percent,,
Row Labels,2012,,
Citywide,
Bronx,9.5,,

 ,Percent,,
Row Labels,2012,,
UHF34,
Kingsbridge - Riverdale,8.4,,
Northeast Bronx,8.9,,
Fordham - Bronx Pk,18.7,,
Pelham - Throgs Neck,14.4,,
Greenpoint,16,,
Downtown - Heights - Slope,7.6,,
Bedford Stuyvesant - Crown Heights,9.4,,
East New York,10.9,,
Sunset Park,7.6,,
Borough Park,10.4,,
East Flatbush - Flatbush,11.8,,
Canarsie - Flatlands,8.2,,
Bensonhurst - Bay Ridge,13,,
Coney Island - Sheepshead Bay,10,,
Williamsburg - Bushwick,12.2,,
Washington Heights,17.2,,
Central Harlem - Morningside Heights,9.1,,
East Harlem,7,,
Upper West Side,6.9,,
Long Island City - Astoria,6.9,,
West Queens,10.8,,
Flushing - Clearview,5.4,,
Ridgewood - Forest Hills,7.1,,
Southwest Queens,8.6,,
Jamaica,11.6,,
Southeast Queens,8.9,,
Rockaways,13.9,,
Upper East Side-Gramercy,5.8,,
Chelsea-Village  ,3.5,,
Union Square-Lower Manhattan,6,,
Northern SI,9.5,,
Southern SI,3,,
South Bronx,11.8,,

 ,Percent,,
Row Labels,2012,,
UHF42,
Kingsbridge - Riverdale,8.4,,
Northeast Bronx,8.9,,
Fordham - Bronx Pk,18.7,,
Pelham - Throgs Neck,14.4,,
Crotona -Tremont,11.8,,
High Bridge - Morrisania,11.8,,
Hunts Point - Mott Haven,11.8,,
Greenpoint,16,,
Downtown - Heights - Slope,7.6,,
Bedford Stuyvesant - Crown Heights,9.4,,
East New York,10.9,,
Sunset Park,7.6,,
Borough Park,10.4,,
East Flatbush - Flatbush,11.8,,
Canarsie - Flatlands,8.2,,
Bensonhurst - Bay Ridge,13,,
Coney Island - Sheepshead Bay,10,,
Williamsburg - Bushwick,12.2,,
Washington Heights,17.2,,
Central Harlem - Morningside Heights,9.1,,
East Harlem,7,,
Upper West Side,6.9,,
Upper East Side,5.8,,
Chelsea - Clinton,3.5,,
Gramercy Park - Murray Hill,5.8,,
Greenwich Village - SoHo,3.5,,
Union Square - Lower East Side,6,,
Lower Manhattan,6,,
Long Island City - Astoria,6.9,,
West Queens,10.8,,
Flushing - Clearview,5.4,,
Ridgewood - Forest Hills,7.1,,
Southwest Queens,8.6,,
Jamaica,11.6,,
Southeast Queens,8.9,,
Rockaways,13.9,,
Port Richmond,9.5,,
Stapleton - St. George,9.5,,
Willowbrook,3,,
South Beach - Tottenville,3,,

"Adults Reporting Secondhand Smoke at Home", ,
 ,Percent,,,,,,,
Row Labels,2004,2006,2008,2009,2010,2012,,
Borough,
Bronx,11.2,11.9,8.1,4.8,8.7,6.7,,
Brooklyn,10.3,6.5,5.3,6.3,5.4,4.3,,
Manhattan,7.6,6,3.7,3.9,3.4,4.3,,
Queens,9.4,5.9,4.2,4.6,4,5,,
Staten Island,16.4,6.8,6.7,6.4,5.5,4,,

 ,Percent,,,,,,,
Row Labels,2004,2006,2008,2009,2010,2012,,
Citywide,
Bronx,9.9,7,5.1,5.1,5.1,4.9,,

 ,Percent,,,,,,,
Row Labels,2004,2006,2008,2009,2010,2012,,
UHF34,
Kingsbridge - Riverdale,6.4,2.4,1.3,6.2,1.5,,,
Northeast Bronx,11.7,7.7,4.1,6.8,,,
Fordham - Bronx Pk,11.7,10,10.3,5.4,13.9,6.6,,
Pelham - Throgs Neck,14.3,15.1,5.5,5.6,4.8,7.1,,
Greenpoint,7.9,6.1,5.1,4.3,2.4,,
Downtown - Heights - Slope,8.6,5,1.2,5.5,9.2,,
Bedford Stuyvesant - Crown Heights,11.1,9,9.9,12.1,5.7,8.7,,
East New York,12.3,6.4,7,9.9,8.1,7.3,,
Sunset Park,11.9,1.8,0.7,4.4,0.6,,
Borough Park,9.7,7.7,7.2,2.1,2.2,,,
East Flatbush - Flatbush,11,4.1,1.8,7.9,3.2,1.7,,
Canarsie - Flatlands,7.1,7.1,1.2,6.9,5.5,,,
Bensonhurst - Bay Ridge,9.5,7.4,6.8,7,5.6,,
Coney Island - Sheepshead Bay,12,6.7,8.6,2.5,5,3.2,,
Williamsburg - Bushwick,11.7,7.4,8.7,4,11.1,8.2,,
Washington Heights,11.9,5.1,6.1,2.7,3.1,3.6,,
Central Harlem - Morningside Heights,12.3,6.4,12.2,3.8,9.4,,,
East Harlem,14.5,20.8,4.7,6.9,13,4.7,,
Upper West Side,7.4,2.3,1.9,0.6,0.5,1.4,,
Long Island City - Astoria,13.3,9.6,3.9,9.8,4.9,,,
West Queens,7.9,4.4,2.1,3,4,4.7,,
Flushing - Clearview,9.3,6.9,5.9,4.3,,,
Ridgewood - Forest Hills,9.9,6.2,4.4,5,3.9,10.6,,
Southwest Queens,7.1,5.4,5.1,3.6,6.3,,
Jamaica,8.8,5.8,6.3,2.6,,,,
Southeast Queens,7.1,5.3,1.5,1.4,5.7,,,
Rockaways,17,6.9,9.1,12.1,3.3,11.3,,
Upper East Side-Gramercy,3.1,5.7,1,2.1,,
Chelsea-Village  ,6.8,5.6,7,1,4.5,,
Union Square-Lower Manhattan,5.4,5.2,4.4,6.1,1.5,7,,
Bayside Little Neck-Fresh Meadows,10.2,3.7,4.1,2.2,,
Northern SI,13.8,7.5,12.6,7.2,7.8,6,,
Southern SI,18.1,6.4,2.8,6.3,4,2.7,,
South Bronx,9.9,14.1,11.4,5.7,8.5,9.4,,

 ,Percent,,,,,,,
Row Labels,2004,2006,2008,2009,2010,2012,,
UHF42,
Kingsbridge - Riverdale,6.4,2.4,1.3,6.2,1.5,4.6,,
Northeast Bronx,11.7,7.7,4.1,6.8,2.6,,
Fordham - Bronx Pk,11.7,10,10.3,5.4,13.9,6.6,,
Pelham - Throgs Neck,14.3,15.1,5.5,5.6,4.8,7.1,,
Crotona -Tremont,9.9,14.1,11.4,5.7,8.5,9.4,,
High Bridge - Morrisania,9.9,14.1,11.4,5.7,8.5,9.4,,
Hunts Point - Mott Haven,9.9,14.1,11.4,5.7,8.5,9.4,,
Greenpoint,7.9,6.1,5.1,4.3,2.4,,
Downtown - Heights - Slope,8.6,5,1.2,5.5,9.2,,
Bedford Stuyvesant - Crown Heights,11.1,9,9.9,12.1,5.7,8.7,,
East New York,12.3,6.4,7,9.9,8.1,7.3,,
Sunset Park,11.9,1.8,0.7,4.4,0.6,,
Borough Park,9.7,7.7,7.2,2.1,2.2,3.6,,
East Flatbush - Flatbush,11,4.1,1.8,7.9,3.2,1.7,,
Canarsie - Flatlands,7.1,7.1,1.2,6.9,5.5,3.3,,
Bensonhurst - Bay Ridge,9.5,7.4,6.8,7,5.6,,
Coney Island - Sheepshead Bay,12,6.7,8.6,2.5,5,3.2,,
Williamsburg - Bushwick,11.7,7.4,8.7,4,11.1,8.2,,
Washington Heights,11.9,5.1,6.1,2.7,3.1,3.6,,
Central Harlem - Morningside Heights,12.3,6.4,12.2,3.8,9.4,2.2,,
East Harlem,14.5,20.8,4.7,6.9,13,4.7,,
Upper West Side,7.4,2.3,1.9,0.6,0.5,1.4,,
Upper East Side,3.1,5.7,1,3.4,2.1,,
Chelsea - Clinton,6.8,5.6,7,1,4.7,4.5,,
Gramercy Park - Murray Hill,3.1,5.7,1,3.4,2.1,,
Greenwich Village - SoHo,6.8,5.6,7,1,4.7,4.5,,
Union Square - Lower East Side,5.4,5.2,4.4,6.1,1.5,7,,
Lower Manhattan,5.4,5.2,4.4,6.1,1.5,7,,
Long Island City - Astoria,13.3,9.6,3.9,9.8,4.9,7.2,,
West Queens,7.9,4.4,2.1,3,4,4.7,,
Flushing - Clearview,9.3,6.9,5.9,4.3,6.2,,
Bayside - Little Neck,10.2,3.7,3.1,4.1,2.2,,
Ridgewood - Forest Hills,9.9,6.2,4.4,5,3.9,10.6,,
Fresh Meadows,10.2,3.7,3.1,4.1,2.2,,
Southwest Queens,7.1,5.4,5.1,3.6,6.3,,
Jamaica,8.8,5.8,6.3,2.6,3,2.3,,
Southeast Queens,7.1,5.3,1.5,1.4,5.7,1.5,,
Rockaways,17,6.9,9.1,12.1,3.3,11.3,,
Port Richmond,13.8,7.5,12.6,7.2,7.8,6,,
Stapleton - St. George,13.8,7.5,12.6,7.2,7.8,6,,
Willowbrook,18.1,6.4,2.8,6.3,4,2.7,,
South Beach - Tottenville,18.1,6.4,2.8,6.3,4,2.7,,

"Adults with Asthma in the Past 12 Months", ,
 ,Age-Adjusted Percent,,,,,,,,,,
Row Labels,2003,2004,2006,2007,2008,2009,2010,2011,2012,,
Borough,
Bronx,6.7,7.6,7.4,5.1,8.1,6.6,5.9,7.2,7.6,,
Brooklyn,4.4,5.5,5,4.2,3.9,4,3.1,4.6,4.2,,
Manhattan,4.8,4.3,6.5,4.6,6,2.7,4.6,3.5,4.3,,
Queens,3.8,3.3,3.8,4.1,4.8,4.1,2.6,3.6,3.6,,
Staten Island,4,5.1,3.9,5.3,4.8,4,4.7,4.2,3.7,,

 ,Age-Adjusted Percent,,,,,,,,,,
Row Labels,2003,2004,2006,2007,2008,2009,2010,2011,2012,,
Citywide,
Bronx,4.6,4.9,5.3,4.4,5.3,4.1,3.8,4.4,4.6,,

 ,Age-Adjusted Percent,,,,,,,,,,
Row Labels,2003,2004,2006,2007,2008,2009,2010,2011,2012,,
UHF34,
Kingsbridge - Riverdale,5.1,6.8,4.4,3.5,4.7,6.7,6.1,,
Northeast Bronx,5.9,4.1,3.2,2.3,4.3,5.7,5.8,4.9,6.3,,
Fordham - Bronx Pk,4.8,7.5,7.4,2.1,12,8.5,9.9,4.4,,,
Pelham - Throgs Neck,6.1,6.9,9,6.3,6.7,6.2,2.1,10,6.7,,
Greenpoint,3.1,3.5,8,7.9,5.3,7.5,0.5,1.9,4.2,,
Downtown - Heights - Slope,6.5,8.8,6.4,4.3,3.5,6.7,3.3,1.9,3.8,,
Bedford Stuyvesant - Crown Heights,5.9,4.6,7.7,5,3.1,6,3.8,10.6,2.6,,
East New York,5.7,7.4,6.6,3.1,4.1,5.8,7.7,9.3,6.3,,
Sunset Park,5.9,3.2,5.4,2.7,1.7,,
Borough Park,3.9,3.2,2.7,2,3.5,0.8,1.8,3.2,4,,
East Flatbush - Flatbush,2,7.4,3.8,3.9,3.9,1.4,2,,,
Canarsie - Flatlands,3.8,3.9,2.5,3,2.3,3.3,6,,
Bensonhurst - Bay Ridge,2,3.8,3.5,4.5,3.5,2.7,,
Coney Island - Sheepshead Bay,2.7,4.5,3.5,4.5,4.6,3.5,1.7,4.1,5.5,,
Williamsburg - Bushwick,9.5,10.3,5.8,3.6,3.3,7.3,3.9,4.6,6.2,,
Washington Heights,3.4,5.5,4.9,3.8,5.7,2.6,4.1,3.1,,
Central Harlem - Morningside Heights,8.9,3.9,10.7,6.5,5.9,4.5,2.8,1.8,11.5,,
East Harlem,7.9,8.6,7.6,5.8,12.6,15.3,,,
Upper West Side,3.8,4.1,9.8,3.3,6,1.8,8.3,3,,
Long Island City - Astoria,3.4,4,3.4,6.1,3.4,2.9,0.8,3.7,,
West Queens,5.2,2,2.3,2.9,4,1.5,2.4,6,2.4,,
Flushing - Clearview,2.4,4.2,4.6,2.5,2.6,5.1,2.9,0.4,2.9,,
Ridgewood - Forest Hills,3.2,2.5,5.5,4.3,12.1,3.3,4.2,6.4,,,
Southwest Queens,3.2,3.9,1.7,6.9,4.4,8.2,0.9,3.9,4.9,,
Jamaica,4.8,3.7,5.2,5.1,5.6,3.5,3.7,2.6,3.5,,
Southeast Queens,2.2,2.9,4.4,3.5,2.5,2.1,,
Rockaways,5.8,4.6,7.5,1.9,4.2,11.5,6.6,,
Upper East Side-Gramercy,4.5,2.9,8.4,3.1,4.2,2.5,1.2,1.8,2.1,,
Chelsea-Village  ,5,2.7,4.3,4.2,7.4,1.3,2.7,2.5,2.9,,
Union Square-Lower Manhattan,4.5,5.1,6.8,6.4,4.2,3.3,4.6,2.1,5.3,,
Bayside Little Neck-Fresh Meadows,3.9,4.5,2.9,3,2,4.8,2.4,3.3,2.1,,
Northern SI,6.6,4.1,5.4,6.8,1.8,5.7,6,3.5,3.8,,
Southern SI,2.3,5.9,2.9,4.3,6.9,2.8,3.9,2.6,,
South Bronx,8.8,10.2,8.8,7.4,9,6.5,6.8,7.5,10.7,,

 ,Age-Adjusted Percent,,,,,,,,,,
Row Labels,2003,2004,2006,2007,2008,2009,2010,2011,2012,,
UHF42,
Kingsbridge - Riverdale,5.1,6.8,4.4,3.5,4.7,6.7,6.1,,
Northeast Bronx,5.9,4.1,3.2,2.3,4.3,5.7,5.8,4.9,6.3,,
Fordham - Bronx Pk,4.8,7.5,7.4,2.1,12,8.5,9.9,4.4,5.5,,
Pelham - Throgs Neck,6.1,6.9,9,6.3,6.7,6.2,2.1,10,6.7,,
Crotona -Tremont,8.8,10.2,8.8,7.4,9,6.5,6.8,7.5,10.7,,
High Bridge - Morrisania,8.8,10.2,8.8,7.4,9,6.5,6.8,7.5,10.7,,
Hunts Point - Mott Haven,8.8,10.2,8.8,7.4,9,6.5,6.8,7.5,10.7,,
Greenpoint,3.1,3.5,8,7.9,5.3,7.5,0.5,1.9,4.2,,
Downtown - Heights - Slope,6.5,8.8,6.4,4.3,3.5,6.7,3.3,1.9,3.8,,
Bedford Stuyvesant - Crown Heights,5.9,4.6,7.7,5,3.1,6,3.8,10.6,2.6,,
East New York,5.7,7.4,6.6,3.1,4.1,5.8,7.7,9.3,6.3,,
Sunset Park,5.9,3.2,5.4,2.7,1.7,,
Borough Park,3.9,3.2,2.7,2,3.5,0.8,1.8,3.2,4,,
East Flatbush - Flatbush,2,7.4,3.8,3.9,3.9,1.4,2,1.3,,
Canarsie - Flatlands,3.8,3.9,2.5,3,2.3,3.3,6,,
Bensonhurst - Bay Ridge,2,3.8,3.5,4.5,3.5,2.7,,
Coney Island - Sheepshead Bay,2.7,4.5,3.5,4.5,4.6,3.5,,4.1,5.5,,
Williamsburg - Bushwick,9.5,10.3,5.8,3.6,3.3,7.3,3.9,4.6,6.2,,
Washington Heights,3.4,5.5,4.9,3.8,5.7,2.6,4.1,3.1,,
Central Harlem - Morningside Heights,8.9,3.9,10.7,6.5,5.9,4.5,2.8,1.8,11.5,,
East Harlem,7.9,8.6,7.6,5.8,12.6,15.3,15.7,,
Upper West Side,3.8,4.1,9.8,3.3,6,1.8,8.3,3,,
Upper East Side,4.5,2.9,8.4,3.1,4.2,2.5,1.2,1.8,2.1,,
Chelsea - Clinton,5,2.7,4.3,4.2,7.4,1.3,2.5,2.9,,
Gramercy Park - Murray Hill,4.5,2.9,8.4,3.1,4.2,2.5,1.2,1.8,2.1,,
Greenwich Village - SoHo,5,2.7,4.3,4.2,7.4,1.3,2.5,2.9,,
Union Square - Lower East Side,4.5,5.1,6.8,6.4,4.2,3.3,4.6,2.1,5.3,,
Lower Manhattan,4.5,5.1,6.8,6.4,4.2,3.3,4.6,2.1,5.3,,
Long Island City - Astoria,3.4,4,3.4,6.1,3.4,2.9,0.8,3.7,,
West Queens,5.2,2,2.3,2.9,4,1.5,2.4,6,2.4,,
Flushing - Clearview,2.4,4.2,4.6,2.5,2.6,5.1,2.9,0.4,2.9,,
Bayside - Little Neck,3.9,4.5,2.9,3,2,4.8,2.4,3.3,2.1,,
Ridgewood - Forest Hills,3.2,2.5,5.5,4.3,12.1,3.3,4.2,6.4,6.2,,
Fresh Meadows,3.9,4.5,2.9,3,2,4.8,2.4,3.3,2.1,,
Southwest Queens,3.2,3.9,1.7,6.9,4.4,8.2,0.9,3.9,4.9,,
Jamaica,4.8,3.7,5.2,5.1,5.6,3.5,3.7,2.6,3.5,,
Southeast Queens,2.2,2.9,4.4,3.5,2.5,2.1,,
Rockaways,5.8,4.6,7.5,1.9,4.2,11.5,6.6,,
Port Richmond,6.6,4.1,5.4,6.8,1.8,5.7,6,3.5,3.8,,
Stapleton - St. George,6.6,4.1,5.4,6.8,1.8,5.7,6,3.5,3.8,,
Willowbrook,2.3,5.9,2.9,4.3,6.9,2.8,3.9,2.6,,
South Beach - Tottenville,2.3,5.9,2.9,4.3,6.9,2.8,3.9,2.6,,

"Adults without a Smoke-Free Home Policy", ,
 ,Percent,,,,,,,,,
Row Labels,2002,2003,2004,2006,2008,2009,2010,2011,,
Borough,
Bronx,41.4,16.1,34.5,35.3,28.2,25.8,25.5,22.7,,
Brooklyn,35.7,18.3,34.1,30.2,25.2,25.7,26.3,26.7,,
Manhattan,41.7,21.2,33.9,35.7,26.6,26,26.8,20.1,,
Queens,37.5,17.4,30.4,31.1,24.5,24.2,24.1,22.1,,
Staten Island,35.7,17.6,39.8,30.6,26.7,21.6,20.4,28.2,,

 ,Percent,,,,,,,,,
Row Labels,2002,2003,2004,2006,2008,2009,2010,2011,,
Citywide,
Bronx,38.3,35,33.4,32.4,25.8,25.1,25.3,23.5,,

 ,Percent,,,,,,,,,
Row Labels,2002,2003,2004,2006,2008,2009,2010,2011,,
UHF33,
Kingsbridge - Riverdale,37.3,,,,,,,,,
Northeast Bronx,33.3,,,,,,,,,
Fordham - Bronx Pk,47.2,,,,,,,,,
Pelham - Throgs Neck,38.7,,,,,,,,,
Greenpoint,38.3,,,,,,,,,
Downtown - Heights - Slope,39,,,,,,,,,
Bedford Stuyvesant - Crown Heights,33.6,,,,,,,,,
East New York,36.5,,,,,,,,,
Sunset Park,30.3,,,,,,,,,
Borough Park,33.8,,,,,,,,,
Bensonhurst - Bay Ridge,46.6,,,,,,,,,
Coney Island - Sheepshead Bay,36.5,,,,,,,,,
Williamsburg - Bushwick,35.2,,,,,,,,,
Washington Heights,33.9,,,,,,,,,
Central Harlem - Morningside Heights,49.4,,,,,,,,,
East Harlem,42.4,,,,,,,,,
Upper West Side,42,,,,,,,,,
Union Square - Lower East Side,48.2,,,,,,,,,
Lower Manhattan,43.5,,,,,,,,,
Flushing - Clearview,38,,,,,,,,,
Ridgewood - Forest Hills,32.3,,,,,,,,,
Southwest Queens,31.9,,,,,,,,,
Jamaica,35.2,,,,,,,,,
Southeast Queens,37,,,,,,,,,
Rockaways,36.9,,,,,,,,,
Flatbush - Canarsie,31.8,,
Upper East Side-Gramercy,38.7,,,,,,,,,
Chelsea-Village  ,43.3,,,,,,,,,
West Queens - Long Island City,43.2,,
Bayside Little Neck-Fresh Meadows,33.4,,,,,,,,,
Northern SI,37,,,,,,,,,
Southern SI,34.9,,,,,,,,,
South Bronx,44.5,,,,,,,,,

 ,Percent,,,,,,,,,
Row Labels,2002,2003,2004,2006,2008,2009,2010,2011,,
UHF34,
Kingsbridge - Riverdale,,35.4,33.6,39.1,20.2,21.2,29.1,20.8,,
Northeast Bronx,,28.1,29.3,30.3,22.4,24.2,20.5,17.2,,
Fordham - Bronx Pk,,31.8,34,36.2,31.1,28.1,32.9,26.1,,
Pelham - Throgs Neck,,36.3,33.7,38.2,29.8,24.1,22.4,20.8,,
Greenpoint,,46.9,44.1,36.1,32.5,24.7,25.6,25.3,,
Downtown - Heights - Slope,,37.7,34.7,23.7,21.9,23.9,26.4,21.9,,
Bedford Stuyvesant - Crown Heights,,41.5,40.7,31.4,30.3,30.4,37.1,29,,
East New York,,33.1,33.9,32.2,22.4,22.9,20.7,30.5,,
Sunset Park,,30,35.5,28.3,20.7,27.3,28.1,44,,
Borough Park,,30.7,30.2,35.3,27,28,22,27.5,,
East Flatbush - Flatbush,28,25.6,22.3,17,22.6,18.6,19.7,,
Canarsie - Flatlands,30.4,22,29.5,24.8,15.8,23.1,16.5,,
Bensonhurst - Bay Ridge,,46.2,42.8,33.8,26.1,29.5,30.3,35.4,,
Coney Island - Sheepshead Bay,,36.2,37.7,31.6,27.4,27,29,30,,
Williamsburg - Bushwick,,37,34,31.7,28.9,27.4,29.5,25.2,,
Washington Heights,,33.7,31.8,35,22.2,20.7,23.1,17.4,,
Central Harlem - Morningside Heights,,41.1,41.5,35,37.4,34.2,20,23.3,,
East Harlem,,42.5,37.8,39.5,29.8,27.1,26.8,18.8,,
Upper West Side,,37.2,26.3,35,16.5,22.4,18.1,14.8,,
Long Island City - Astoria,35.1,40,37,33.2,32.7,31.9,27.6,,
West Queens,27.7,28.7,34.8,23.7,22.9,23.6,19.2,,
Flushing - Clearview,,36.6,30.5,32.1,25.2,25.9,26.5,25,,
Ridgewood - Forest Hills,,36.7,36.7,30.3,27,27.8,18,31.4,,
Southwest Queens,,25.8,26.3,23.1,21.1,14.5,16.5,18.7,,
Jamaica,,30.8,28.5,26.1,23,24.2,29.2,20.3,,
Southeast Queens,,28.4,23.5,27.5,17.1,14.8,19.7,17.1,,
Rockaways,,35.1,32.4,41.6,26.7,33.4,28.9,24.2,,
Upper East Side-Gramercy,,39,31.6,28.7,23.7,24.3,25.7,16.1,,
Chelsea-Village  ,,41,34,40,32.7,30.8,28.8,27.5,,
Union Square-Lower Manhattan,40.1,41.2,43,32.5,30.1,45.4,24.6,,
Bayside Little Neck-Fresh Meadows,,29.4,28.9,30.8,24.8,26.6,25.7,18.3,,
Northern SI,,41.5,41,33.8,33.6,21.7,24.9,30.1,,
Southern SI,,36.4,38.9,28.5,22.2,22.1,17.5,23.8,,
South Bronx,,36.2,37.7,34.2,29.7,26.1,25.9,24.9,,

 ,Percent,,,,,,,,,
Row Labels,2002,2003,2004,2006,2008,2009,2010,2011,,
UHF42,
Kingsbridge - Riverdale,,35.4,33.6,39.1,20.2,21.2,29.1,20.8,,
Northeast Bronx,,28.1,29.3,30.3,22.4,24.2,20.5,17.2,,
Fordham - Bronx Pk,,31.8,34,36.2,31.1,28.1,32.9,26.1,,
Pelham - Throgs Neck,,36.3,33.7,38.2,29.8,24.1,22.4,20.8,,
Crotona -Tremont,36.2,37.7,34.2,29.7,26.1,25.9,24.9,,
High Bridge - Morrisania,36.2,37.7,34.2,29.7,26.1,25.9,24.9,,
Hunts Point - Mott Haven,36.2,37.7,34.2,29.7,26.1,25.9,24.9,,
Greenpoint,,46.9,44.1,36.1,32.5,24.7,25.6,25.3,,
Downtown - Heights - Slope,,37.7,34.7,23.7,21.9,23.9,26.4,21.9,,
Bedford Stuyvesant - Crown Heights,,41.5,40.7,31.4,30.3,30.4,37.1,29,,
East New York,,33.1,33.9,32.2,22.4,22.9,20.7,30.5,,
Sunset Park,,30,35.5,28.3,20.7,27.3,28.1,44,,
Borough Park,,30.7,30.2,35.3,27,28,22,27.5,,
East Flatbush - Flatbush,28,25.6,22.3,17,22.6,18.6,19.7,,
Canarsie - Flatlands,30.4,22,29.5,24.8,15.8,23.1,16.5,,
Bensonhurst - Bay Ridge,,46.2,42.8,33.8,26.1,29.5,30.3,35.4,,
Coney Island - Sheepshead Bay,,36.2,37.7,31.6,27.4,27,29,30,,
Williamsburg - Bushwick,,37,34,31.7,28.9,27.4,29.5,25.2,,
Washington Heights,,33.7,31.8,35,22.2,20.7,23.1,17.4,,
Central Harlem - Morningside Heights,,41.1,41.5,35,37.4,34.2,20,23.3,,
East Harlem,,42.5,37.8,39.5,29.8,27.1,26.8,18.8,,
Upper West Side,,37.2,26.3,35,16.5,22.4,18.1,14.8,,
Upper East Side,39,31.6,28.7,23.7,24.3,25.7,16.1,,
Chelsea - Clinton,41,34,40,32.7,30.8,28.8,27.5,,
Gramercy Park - Murray Hill,39,31.6,28.7,23.7,24.3,25.7,16.1,,
Greenwich Village - SoHo,41,34,40,32.7,30.8,28.8,27.5,,
Union Square - Lower East Side,,40.1,41.2,43,32.5,30.1,45.4,24.6,,
Lower Manhattan,,40.1,41.2,43,32.5,30.1,45.4,24.6,,
Long Island City - Astoria,35.1,40,37,33.2,32.7,31.9,27.6,,
West Queens,27.7,28.7,34.8,23.7,22.9,23.6,19.2,,
Flushing - Clearview,,36.6,30.5,32.1,25.2,25.9,26.5,25,,
Bayside - Little Neck,29.4,28.9,30.8,24.8,26.6,25.7,18.3,,
Ridgewood - Forest Hills,,36.7,36.7,30.3,27,27.8,18,31.4,,
Fresh Meadows,29.4,28.9,30.8,24.8,26.6,25.7,18.3,,
Southwest Queens,,25.8,26.3,23.1,21.1,14.5,16.5,18.7,,
Jamaica,,30.8,28.5,26.1,23,24.2,29.2,20.3,,
Southeast Queens,,28.4,23.5,27.5,17.1,14.8,19.7,17.1,,
Rockaways,,35.1,32.4,41.6,26.7,33.4,28.9,24.2,,
Port Richmond,41.5,41,33.8,33.6,21.7,24.9,30.1,,
Stapleton - St. George,41.5,41,33.8,33.6,21.7,24.9,30.1,,
Willowbrook,36.4,38.9,28.5,22.2,22.1,17.5,23.8,,
South Beach - Tottenville,36.4,38.9,28.5,22.2,22.1,17.5,23.8,,

"Asthma ED Visits (Children 5 to 14 Yrs Old)", ,
 ,Rate,,,,,,,,,
Row Labels,2005,2006,2007,2008,2009,2010,2011,2012,,
Borough,
Bronx,347.2,399.3,369.4,354.8,339.3,344.4,379.5,435.8,,
Brooklyn,194.2,199,197.9,185.7,199.2,203.2,218,224,,
Manhattan,311.5,330.4,336.5,323.9,332.9,305.2,325.1,317,,
Queens,161.5,178.6,168.2,150.5,179.8,170.4,172.4,160.7,,
Staten Island,109.4,112.7,94.6,96.8,109.7,114.3,134.7,129.3,,

 ,Rate,,,,,,,,,
Row Labels,2005,2006,2007,2008,2009,2010,2011,2012,,
Citywide,
Bronx,228.4,248.1,238.1,224.5,234.8,231.2,248.2,257.8,,

 ,Rate,,,,,,,,,
Row Labels,2005,2006,2007,2008,2009,2010,2011,2012,,
UHF42,
Kingsbridge - Riverdale,149,150.7,152.8,117.7,132.9,131.7,165.7,181.1,,
Northeast Bronx,254.1,293.4,278.4,295.8,175.1,174.9,202.4,314,,
Fordham - Bronx Pk,282,309.4,316.9,285.6,309.2,280.6,286.5,420.7,,
Pelham - Throgs Neck,293.6,352.8,321.1,282.5,229.9,289.5,353.8,377.3,,
Crotona -Tremont,419.6,472.6,428.8,416,390.1,425.9,438.2,492.6,,
High Bridge - Morrisania,438.3,515.7,464.4,468.9,463,480.4,518.8,536.9,,
Hunts Point - Mott Haven,458,533,469.1,471.5,563.8,473.1,544.6,547.3,,
Greenpoint,127.1,134.8,125.4,113.2,150,137.2,106.3,128.6,,
Downtown - Heights - Slope,174.8,177.8,171.5,165.5,157,165.7,212.3,193.3,,
Bedford Stuyvesant - Crown Heights,347.5,382,373.2,353.1,370.8,407.6,429.3,446.5,,
East New York,322.2,319.1,330.8,321.1,343.4,359,379.8,386.6,,
Sunset Park,79.9,75.3,102.3,101,103.2,96.2,119.6,119.6,,
Borough Park,25.4,33,26.5,30.2,36.6,35.9,50.2,48.7,,
East Flatbush - Flatbush,213.3,230.3,236.1,207.7,223.7,245.9,270.8,285.4,,
Canarsie - Flatlands,143.4,171.1,163.4,154.8,185.3,188.9,190.4,221,,
Bensonhurst - Bay Ridge,31.2,35.3,39.5,35.7,41.3,49.5,52.7,51.4,,
Coney Island - Sheepshead Bay,90.2,85.2,86,82.9,86.5,83.1,82.1,80,,
Williamsburg - Bushwick,420.4,380.3,389.1,376.5,413.8,374.4,399.4,417.5,,
Washington Heights,287.3,296.3,300.6,295.7,309,307.7,299,280.1,,
Central Harlem - Morningside Heights,688.6,663.5,671.8,628.6,695.3,631.7,679.9,669.5,,
East Harlem,591.1,673.1,703.4,726.2,698.4,606,659.9,682.4,,
Upper West Side,169.5,157.8,174.6,175.6,192.8,170.1,179.5,170.5,,
Upper East Side,81.5,84.8,76.5,75.4,73.1,75.1,79.9,56.1,,
Chelsea - Clinton,217,246.4,246.4,163,241.5,187.6,183,206.9,,
Gramercy Park - Murray Hill,85.3,124.5,137,158.5,107.3,134.4,139.8,130.4,,
Greenwich Village - SoHo,50.6,67.1,31.2,47.3,51.3,65.4,56.9,37.8,,
Union Square - Lower East Side,141.3,235.8,275.7,256.2,260.9,238.8,306.3,330.9,,
Lower Manhattan,81.6,125.3,90.8,119.2,83.1,90.4,180.6,106.3,,
Long Island City - Astoria,180.8,214.2,214.4,191,178.7,187.7,200.8,142.2,,
West Queens,156.8,193.7,180,162.8,173.3,152.2,176.1,161.8,,
Flushing - Clearview,109.7,112.6,108.1,94,99,87.7,98.4,80.7,,
Bayside - Little Neck,48.9,50.3,58.3,59.6,60.3,47.8,38.3,49.5,,
Ridgewood - Forest Hills,115.1,107.3,122.4,99.9,134,126.5,123.7,117.3,,
Fresh Meadows,95.3,118.3,128.6,98.2,126.5,120.4,129.8,124.9,,
Southwest Queens,142,166.6,171.8,148.5,178.8,187.5,170,189.3,,
Jamaica,219.4,244.7,189,183.4,263.8,253,249.7,226.8,,
Southeast Queens,161.1,158.1,138.1,127.6,166.6,177.1,169.8,177.1,,
Rockaways,306.9,304.7,303.5,265.4,317.3,266.2,253.8,222,,
Port Richmond,200,212,187.8,157.2,192.7,171,252.3,227.7,,
Stapleton - St. George,166.3,184.7,148.5,153.9,171.7,191.5,212.2,194.7,,
Willowbrook,62.9,62.8,47.4,50.8,61,66.3,82.2,76.9,,
South Beach - Tottenville,52.4,42.5,37.6,51.5,51.8,56.5,50.2,61.4,,

"Carbon Monoxide Incidents without a Detector", ,
 ,Number,,,,,,,,
Row Labels,2004,2005,2006,2007,2008,2009,2010,,
Borough,
Bronx,54,54,14,17,23,31,35,,
Brooklyn,75,92,55,46,26,32,40,,
Manhattan,24,46,36,28,18,25,25,,
Queens,32,68,27,52,30,38,25,,
Staten Island,17,20,16,20,11,8,10,,

 ,Number,,,,,,,,
Row Labels,2004,2005,2006,2007,2008,2009,2010,,
Citywide,
Bronx,202,280,148,163,108,134,135,,

 ,Number,,,,,,,,
Row Labels,2004,2005,2006,2007,2008,2009,2010,,
Subboro,
Bronx,2,5,3,0,2,4,6,,
Brooklyn,8,9,1,1,0,2,3,,
Manhattan,3,2,0,1,1,1,1,,
Queens,3,6,1,3,4,1,3,,
Staten Island,6,3,2,1,3,3,3,,
Riverdale/Kingsbridge,9,5,1,1,0,4,2,,
Soundview/Parkchester,5,7,3,2,3,4,2,,
Throgs Neck/Co-op City,3,5,2,1,2,1,3,,
Pelham Parkway,9,5,0,4,4,7,5,,
Williamsbridge/Baychester,6,6,1,3,4,4,7,,
Williamsburg/Greenpoint,3,7,4,2,4,1,4,,
Brooklyn Heights/Fort Greene,4,4,4,4,1,1,1,,
Bedford Stuyvesant,6,3,3,10,2,5,6,,
Bushwick,6,9,8,6,1,4,3,,
East New York/Starret City,10,11,3,2,1,1,4,,
Park Slope/Carroll Gardens,4,6,4,5,2,2,4,,
Sunset Park,5,5,5,4,1,0,0,,
N. Crown Heights/Prospect Heights,3,5,2,1,1,1,0,,
South Crown Heights,3,5,3,0,0,1,0,,
Bay Ridge,1,3,0,3,2,1,1,,
Bensonhurst,5,4,6,1,1,3,2,,
Borough Park,6,4,2,0,2,2,3,,
Coney Island,0,3,0,3,2,2,0,,
Flatbush,1,1,2,0,2,2,4,,
Sheepshead Bay/Gravesend,2,6,1,2,2,2,3,,
Brownsville/Ocean Hill,9,9,3,0,0,2,1,,
East Flatbush,4,1,1,1,0,0,1,,
Flatlands/Canarsie,2,6,4,2,2,2,3,,
Greenwich Village/Financial District,2,7,8,5,6,0,3,,
Lower East Side/Chinatown,7,4,6,3,1,5,4,,
Chelsea/Clinton/Midtown,5,5,5,2,1,5,10,,
Stuyvesant Town/Turtle Bay,1,7,7,5,0,4,1,,
Upper West Side,1,4,1,1,0,2,0,,
Upper East Side,2,6,2,3,7,3,2,,
Morningside Heights/Hamilton Heights,1,1,2,1,1,1,1,,
Central Harlem,3,4,3,2,0,1,2,,
East Harlem,0,1,1,1,1,2,0,,
Washington Heights/Inwood,2,7,1,5,1,2,2,,
Astoria,2,10,4,1,3,5,1,,
Sunnyside/Woodside,0,1,0,2,2,3,3,,
Jackson Heights,3,4,1,3,0,2,2,,
Elmhurst/Corona,0,0,2,4,0,3,0,,
Middle Village/Ridgewood,1,3,4,7,2,2,6,,
Forest Hills/Rego Park,2,3,1,2,3,2,1,,
Flushing/Whitestone,3,6,2,6,4,4,1,,
Hillcrest/Fresh Meadows,4,4,1,4,3,2,2,,
Kew Gardens/Woodhaven,1,2,1,1,0,1,0,,
Howard Beach/South Ozone Park,6,6,2,3,1,3,0,,
Bayside/Little Neck,2,9,0,2,2,3,1,,
Jamaica,5,12,3,7,5,3,4,,
Bellerose/Rosedale,2,4,4,3,4,2,3,,
Rockaways,1,4,2,6,1,3,1,,
North Shore,6,11,13,8,5,5,5,,
Mid Island,3,3,1,5,4,3,4,,
South Shore,1,6,2,7,1,0,1,,

 ,Number,,,,,,,,
Row Labels,2004,2005,2006,2007,2008,2009,2010,,
UHF42,
Kingsbridge - Riverdale,8,6,0,0,1,4,3,,
Northeast Bronx,8,7,1,3,4,5,8,,
Fordham - Bronx Pk,9,9,3,5,6,5,4,,
Pelham - Throgs Neck,12,13,5,6,4,10,8,,
Crotona -Tremont,11,10,2,2,4,2,5,,
High Bridge - Morrisania,4,5,1,1,2,2,1,,
Hunts Point - Mott Haven,2,4,2,0,2,3,6,,
Greenpoint,3,7,4,2,4,1,3,,
Downtown - Heights - Slope,8,10,8,9,3,3,6,,
Bedford Stuyvesant - Crown Heights,12,8,8,5,1,6,4,,
East New York,14,20,6,3,1,2,4,,
Sunset Park,4,6,5,4,0,0,0,,
Borough Park,9,6,7,1,4,3,8,,
East Flatbush - Flatbush,5,7,3,1,1,2,0,,
Canarsie - Flatlands,4,6,4,2,2,2,3,,
Bensonhurst - Bay Ridge,4,4,2,3,3,4,2,,
Coney Island - Sheepshead Bay,2,10,1,5,4,4,3,,
Williamsburg - Bushwick,10,8,7,11,3,5,7,,
Washington Heights,2,7,2,5,1,2,2,,
Central Harlem - Morningside Heights,4,5,4,3,1,2,2,,
East Harlem,0,1,1,1,1,2,0,,
Upper West Side,1,4,1,1,0,2,1,,
Upper East Side,2,6,2,3,7,3,2,,
Chelsea - Clinton,5,6,3,1,1,5,10,,
Gramercy Park - Murray Hill,1,8,8,6,0,4,2,,
Greenwich Village - SoHo,1,4,7,2,4,0,1,,
Union Square - Lower East Side,6,4,8,4,1,5,4,,
Lower Manhattan,2,1,0,2,2,0,1,,
Long Island City - Astoria,2,11,4,3,3,7,3,,
West Queens,3,5,4,10,3,7,4,,
Flushing - Clearview,3,8,2,5,4,4,1,,
Bayside - Little Neck,2,6,0,2,1,2,1,,
Ridgewood - Forest Hills,3,5,4,6,4,3,6,,
Fresh Meadows,2,3,1,4,1,2,1,,
Southwest Queens,7,8,3,4,1,4,0,,
Jamaica,7,12,2,8,7,4,5,,
Southeast Queens,2,6,5,3,5,2,3,,
Rockaways,1,4,2,6,1,3,1,,
Port Richmond,4,2,6,5,4,1,3,,
Stapleton - St. George,3,7,3,3,1,3,1,,
Willowbrook,4,5,5,4,4,3,5,,
South Beach - Tottenville,6,6,2,8,1,1,1,,

"Children < 5 Years Old Living in Poverty", ,
 ,Percent,,
Row Labels,2000,,
Borough,
Bronx,39.9,,
Brooklyn,33.7,,
Manhattan,25.3,,
Queens,17.9,,
Staten Island,13.1,,

 ,Percent,,
Row Labels,2000,,
Citywide,
Bronx,28.3,,

 ,Percent,,
Row Labels,2000,,
UHF34,
Kingsbridge - Riverdale,21.5,,
Northeast Bronx,21.3,,
Fordham - Bronx Pk,42,,
Pelham - Throgs Neck,29.6,,
Greenpoint,48.1,,
Downtown - Heights - Slope,24.8,,
Bedford Stuyvesant - Crown Heights,41.5,,
East New York,42.8,,
Sunset Park,36,,
Borough Park,33,,
East Flatbush - Flatbush,28.6,,
Canarsie - Flatlands,17.1,,
Bensonhurst - Bay Ridge,19.5,,
Coney Island - Sheepshead Bay,28.7,,
Williamsburg - Bushwick,47.6,,
Washington Heights,36.4,,
Central Harlem - Morningside Heights,43.6,,
East Harlem,45.6,,
Upper West Side,9.3,,
Long Island City - Astoria,26.3,,
West Queens,21.4,,
Flushing - Clearview,14.6,,
Ridgewood - Forest Hills,15.6,,
Southwest Queens,15.7,,
Jamaica,19,,
Southeast Queens,7.4,,
Rockaways,28.1,,
Upper East Side-Gramercy,4.9,,
Chelsea-Village  ,12.5,,
Union Square-Lower Manhattan,25.1,,
Bayside Little Neck-Fresh Meadows,10.6,,
Northern SI,22.4,,
Southern SI,5.8,,
South Bronx,50.4,,

 ,Percent,,
Row Labels,2000,,
UHF42,
Kingsbridge - Riverdale,21.5,,
Northeast Bronx,21.3,,
Fordham - Bronx Pk,42,,
Pelham - Throgs Neck,29.6,,
Crotona -Tremont,48.5,,
High Bridge - Morrisania,49.9,,
Hunts Point - Mott Haven,54.8,,
Greenpoint,48.1,,
Downtown - Heights - Slope,24.8,,
Bedford Stuyvesant - Crown Heights,41.5,,
East New York,42.8,,
Sunset Park,36,,
Borough Park,33,,
East Flatbush - Flatbush,28.6,,
Canarsie - Flatlands,17.1,,
Bensonhurst - Bay Ridge,19.5,,
Coney Island - Sheepshead Bay,28.7,,
Williamsburg - Bushwick,47.6,,
Washington Heights,36.4,,
Central Harlem - Morningside Heights,43.6,,
East Harlem,45.6,,
Upper West Side,9.3,,
Upper East Side,4.7,,
Chelsea - Clinton,14.9,,
Gramercy Park - Murray Hill,5.5,,
Greenwich Village - SoHo,9.8,,
Union Square - Lower East Side,26.1,,
Lower Manhattan,19.4,,
Long Island City - Astoria,26.3,,
West Queens,21.4,,
Flushing - Clearview,14.6,,
Bayside - Little Neck,7.2,,
Ridgewood - Forest Hills,15.6,,
Fresh Meadows,12.8,,
Southwest Queens,15.7,,
Jamaica,19,,
Southeast Queens,7.4,,
Rockaways,28.1,,
Port Richmond,22.7,,
Stapleton - St. George,22.2,,
Willowbrook,6.7,,
South Beach - Tottenville,5.4,,

"Crowding", ,
 ,Percent of Households,,
Row Labels,2000,,
Borough,
Bronx,19.7,,
Brooklyn,15.5,,
Manhattan,10.5,,
Queens,16.4,,
Staten Island,4.9,,

 ,Percent of Households,,
Row Labels,2000,,
Citywide,
Bronx,14.6,,

 ,Percent of Households,,
Row Labels,2000,,
Subboro,
Bronx,24,,
Brooklyn,23,,
Manhattan,29.3,,
Queens,32.1,,
Staten Island,27,,
Riverdale/Kingsbridge,14.1,,
Soundview/Parkchester,17.9,,
Throgs Neck/Co-op City,5.5,,
Pelham Parkway,13.8,,
Williamsbridge/Baychester,13.1,,
Williamsburg/Greenpoint,19.1,,
Brooklyn Heights/Fort Greene,8.7,,
Bedford Stuyvesant,14.2,,
Bushwick,22.5,,
East New York/Starret City,17.6,,
Park Slope/Carroll Gardens,6.4,,
Sunset Park,21.5,,
N. Crown Heights/Prospect Heights,13.6,,
South Crown Heights,19.3,,
Bay Ridge,9.9,,
Bensonhurst,15.1,,
Borough Park,21.3,,
Coney Island,15.4,,
Flatbush,22.8,,
Sheepshead Bay/Gravesend,13.4,,
Brownsville/Ocean Hill,17.5,,
East Flatbush,16.3,,
Flatlands/Canarsie,9.1,,
Greenwich Village/Financial District,7.6,,
Lower East Side/Chinatown,18.5,,
Chelsea/Clinton/Midtown,7.2,,
Stuyvesant Town/Turtle Bay,4.5,,
Upper West Side,5.3,,
Upper East Side,4.2,,
Morningside Heights/Hamilton Heights,14.8,,
Central Harlem,13.4,,
East Harlem,17,,
Washington Heights/Inwood,26.1,,
Astoria,15.2,,
Sunnyside/Woodside,24.5,,
Jackson Heights,29.2,,
Elmhurst/Corona,36.3,,
Middle Village/Ridgewood,8.5,,
Forest Hills/Rego Park,11.9,,
Flushing/Whitestone,18.6,,
Hillcrest/Fresh Meadows,13.3,,
Kew Gardens/Woodhaven,16.7,,
Howard Beach/South Ozone Park,11.9,,
Bayside/Little Neck,6.8,,
Jamaica,15.5,,
Bellerose/Rosedale,9.3,,
Rockaways,13.3,,
North Shore,8.5,,
Mid Island,4.5,,
South Shore,1.5,,

 ,Percent of Households,,
Row Labels,2000,,
UHF34,
Kingsbridge - Riverdale,10.8,,
Northeast Bronx,10.5,,
Fordham - Bronx Pk,25.1,,
Pelham - Throgs Neck,13.5,,
Greenpoint,18.4,,
Downtown - Heights - Slope,7.6,,
Bedford Stuyvesant - Crown Heights,14.4,,
East New York,18.6,,
Sunset Park,24.1,,
Borough Park,20.2,,
East Flatbush - Flatbush,19,,
Canarsie - Flatlands,8.9,,
Bensonhurst - Bay Ridge,10.7,,
Coney Island - Sheepshead Bay,14.5,,
Williamsburg - Bushwick,20.6,,
Washington Heights,24.8,,
Central Harlem - Morningside Heights,12.9,,
East Harlem,17.4,,
Upper West Side,5.7,,
Long Island City - Astoria,16.6,,
West Queens,27.8,,
Flushing - Clearview,18,,
Ridgewood - Forest Hills,10.5,,
Southwest Queens,14.4,,
Jamaica,15.7,,
Southeast Queens,9.5,,
Rockaways,13.3,,
Upper East Side-Gramercy,4.4,,
Chelsea-Village  ,7.9,,
Union Square-Lower Manhattan,13.7,,
Bayside Little Neck-Fresh Meadows,8.5,,
Northern SI,8.5,,
Southern SI,2.6,,
South Bronx,26.7,,

 ,Percent of Households,,
Row Labels,2000,,
UHF42,
Kingsbridge - Riverdale,10.8,,
Northeast Bronx,10.5,,
Fordham - Bronx Pk,25.1,,
Pelham - Throgs Neck,13.5,,
Crotona -Tremont,28.3,,
High Bridge - Morrisania,26.7,,
Hunts Point - Mott Haven,24.3,,
Greenpoint,18.4,,
Downtown - Heights - Slope,7.6,,
Bedford Stuyvesant - Crown Heights,14.4,,
East New York,18.6,,
Sunset Park,24.1,,
Borough Park,20.2,,
East Flatbush - Flatbush,19,,
Canarsie - Flatlands,8.9,,
Bensonhurst - Bay Ridge,10.7,,
Coney Island - Sheepshead Bay,14.5,,
Williamsburg - Bushwick,20.6,,
Washington Heights,24.8,,
Central Harlem - Morningside Heights,12.9,,
East Harlem,17.4,,
Upper West Side,5.7,,
Upper East Side,4.2,,
Chelsea - Clinton,6.9,,
Gramercy Park - Murray Hill,4.6,,
Greenwich Village - SoHo,9.4,,
Union Square - Lower East Side,14.3,,
Lower Manhattan,10.1,,
Long Island City - Astoria,16.6,,
West Queens,27.8,,
Flushing - Clearview,18,,
Bayside - Little Neck,6.8,,
Ridgewood - Forest Hills,10.5,,
Fresh Meadows,10.2,,
Southwest Queens,14.4,,
Jamaica,15.7,,
Southeast Queens,9.5,,
Rockaways,13.3,,
Port Richmond,9,,
Stapleton - St. George,8.2,,
Willowbrook,4.2,,
South Beach - Tottenville,1.8,,

"Elevated (>=10 µg/dL) Blood Lead Levels ", ,
 ,Rate,,,,,,,,,,,,,,
Row Labels,2000,2001,2002,2003,2004,2005,2006,2007,2008,2009,2010,2011,2012,,
Borough,
Bronx,15.2,12.7,12.1,9.7,9,8,6,5.3,3.4,3.3,3.7,2.6,2.3,,
Brooklyn,23.2,19.4,16.2,13.5,11.6,10,9.6,8,6,5.4,5.3,4.5,3.6,,
Manhattan,19.3,15.1,12.6,12.4,11.6,8.1,7,5.6,5.4,4.1,3.3,2.7,2,,
Queens,17,12.4,12.1,9.4,8.6,7.5,6.2,5.2,4.3,3.5,3.6,3,2.4,,
Staten Island,12.2,9,8.5,9.2,8.5,6,5,4.3,4.3,3.5,2.3,2.7,2.6,,

 ,Rate,,,,,,,,,,,,,,
Row Labels,2000,2001,2002,2003,2004,2005,2006,2007,2008,2009,2010,2011,2012,,
Citywide,
Bronx,18.9,15.1,13.4,11.3,10.2,8.5,7.3,6.1,4.8,4.2,4.1,3.4,2.7,,

 ,Rate,,,,,,,,,,,,,,
Row Labels,2000,2001,2002,2003,2004,2005,2006,2007,2008,2009,2010,2011,2012,,
UHF42,
Kingsbridge - Riverdale,7.2,9.4,9.2,3.2,7.5,8,6.8,3.2,3.4,2.1,1.2,1.8,1.8,,
Northeast Bronx,13,12.6,11.1,8.7,6.5,6.3,4.7,5.6,3.4,2.9,3.5,3.1,2.7,,
Fordham - Bronx Pk,18.6,14.4,12.3,10.2,10.8,8.8,7.3,5.4,4.1,3.8,4.7,3.8,2.7,,
Pelham - Throgs Neck,14.1,13.7,9.2,7.5,7.4,6.9,5.4,6,3.4,2.6,3.8,2.6,1.4,,
Crotona -Tremont,14.4,13.6,17.8,13.7,10.5,10.1,6.9,6.3,3.7,3.8,3.5,2.2,2.3,,
High Bridge - Morrisania,16.3,12.5,13.6,11.6,9.3,8.5,6.1,5.3,3,3.7,4.2,2,2.6,,
Hunts Point - Mott Haven,17.8,12.4,12.1,10.1,10.4,7.3,4.8,3.7,3.2,3.1,3.1,2.4,2.1,,
Greenpoint,30,22.4,21,13.5,15.7,17.7,19.9,19.3,13.6,14.2,11,11,11.7,,
Downtown - Heights - Slope,23.7,24.8,20,18.4,13.1,11.8,9.8,8.1,5,4.2,5.7,4.6,3,,
Bedford Stuyvesant - Crown Heights,26.3,23.3,16.5,13.9,10.9,10.3,10.9,7,4.9,3.7,4.4,3.7,3.5,,
East New York,25.5,20.1,22.4,18.7,13.8,10.8,11.4,5.7,4.8,3.8,3.2,3,2.1,,
Sunset Park,22.4,19,13.3,15.7,9.4,8.6,7.2,6.8,4.1,4.7,3.4,2.4,1.9,,
Borough Park,27.2,19.8,18.1,13.3,15.2,10.5,10.3,11,10.5,8.4,7,7,5.4,,
East Flatbush - Flatbush,22.8,20.9,15.9,13.6,11.8,10.2,9.9,8.4,5.2,5,4.9,4,1.9,,
Canarsie - Flatlands,10.6,10,8.1,6.1,5.8,5.2,5,4.9,2.8,2,3.5,1.6,1.8,,
Bensonhurst - Bay Ridge,16.8,11.8,10.1,8.9,9.6,8.1,6.3,5.1,5.1,3.5,6.4,3.6,4.2,,
Coney Island - Sheepshead Bay,19.9,18.1,16.6,14.3,10.4,8.5,8.3,8,7.2,7.6,5.9,4.8,3.7,,
Williamsburg - Bushwick,28.1,24.4,20.6,16.8,14.1,12.1,10.5,8.6,5.6,5.8,5.4,5,3.7,,
Washington Heights,14.9,13.9,10.4,11.5,9.7,8.6,7.9,4.2,5.1,3.3,2.9,2.7,1.9,,
Central Harlem - Morningside Heights,25.5,19.8,17.4,13.9,11.3,9.9,6.6,7.1,4.4,5.3,3.2,3.6,1.6,,
East Harlem,21.5,12.6,14.7,18.1,9.3,8.4,4.5,4.9,4.2,4.7,3.8,2.7,1.4,,
Upper West Side,20.8,16.5,15.2,13.4,13.3,6.5,6.2,7.3,6.8,5,4.6,2.6,3.1,,
Upper East Side,13.4,9.6,9.3,8.9,7.8,4,6,4.1,3.4,2.6,1.8,3,1.3,,
Chelsea - Clinton,28.5,28.6,19.9,17.3,18.6,8.9,9.5,8.2,9.2,1.9,2.3,2.8,3.3,,
Gramercy Park - Murray Hill,21.3,17.5,20.6,7.7,14.6,11.9,9.8,6.9,7,6,6,2.4,2.5,,
Greenwich Village - SoHo,48.5,53.9,35.6,29.3,38.5,17.5,15.1,14.2,11.7,8.9,5.2,4.8,3.2,,
Union Square - Lower East Side,35.6,27.6,22.8,17.7,17.2,9,6.9,4.8,5.7,3.8,2.6,1.8,2.4,,
Lower Manhattan,14.3,15.9,9,12.5,10.5,3.6,6.2,2,4.9,2.6,2.5,0.6,0.6,,
Long Island City - Astoria,22.5,12.9,13.1,9.3,8.1,6.7,6.5,5.7,5.9,2.9,3.6,4.3,2,,
West Queens,17,14.3,14.2,10.8,9.7,9.7,7.3,5.9,5.1,4,5.3,3.6,2.5,,
Flushing - Clearview,11.9,6.2,9.3,5.7,6.8,7.3,3.9,3.3,2.5,2.1,2.4,1,1.8,,
Bayside - Little Neck,6.5,4.4,6.2,3.1,5.4,1.6,1.6,4.1,3.3,3.2,1.4,1.8,1.4,,
Ridgewood - Forest Hills,15.3,12.6,10.7,8.2,7.1,5.9,4.3,5.4,3.8,4.7,3.1,3.2,2,,
Fresh Meadows,12.8,9.9,9.2,2.4,7.9,3.9,2.6,2.9,1.9,2.1,2.6,1.5,2.3,,
Southwest Queens,19.5,14.9,15.9,15.4,13.2,9.5,9.1,7.4,4.3,4.6,3.4,3.6,3.2,,
Jamaica,19.3,13.8,12.2,9.3,7.7,8.4,7.7,4.9,4.4,2.8,3.6,3.2,2.1,,
Southeast Queens,16.6,12.9,11.3,8.1,7.9,5.8,3.2,4.2,4.8,4,1.8,2.9,2.8,,
Rockaways,18.5,14,14.3,10.5,8.8,6.1,7.3,3.9,3.6,3,3,2.2,2.4,,
Port Richmond,18.9,16.5,17,26.3,14.1,14.9,6.8,8.3,7.4,5,4.8,4.8,3.9,,
Stapleton - St. George,18.7,18.3,14.6,14.2,18.2,8,8.3,6.1,6.9,3.3,1.2,2.5,3.7,,
Willowbrook,8.3,3.2,5.1,1.9,1.2,1.2,1.7,1.6,1.2,4.6,1.9,1.6,2.5,,
South Beach - Tottenville,6.4,2.3,2.6,2.5,2.4,1.8,2.4,1.3,1,2.1,1.9,1.8,0.2,,

"Heat Stress Hospitalizations", ,
 ,Age-Adjusted Rate,,,,,,,,,,,,,,
Row Labels,2000,2001,2002,2003,2004,2005,2006,2007,2008,2009,2010,2011,2012,,
Borough,
Bronx,0.9,2.2,2.7,1.8,0.5,2.9,5.4,1.8,3,0.9,5,4.7,2.4,,
Brooklyn,1,2.4,2.1,1.5,0.7,2,4,0.8,1.5,0.7,2.1,2.3,2.4,,
Manhattan,3.2,3.4,4.5,3.1,1.2,3.1,4.4,1.7,2.5,1.3,3.8,3.3,2.3,,
Queens,1.2,2.8,2.9,2,0.6,1.2,3.9,0.5,1.2,0.2,2.4,2.3,1.7,,
Staten Island,1.6,2.9,2.4,2.2,0.7,3.4,2.7,3.2,3.2,0.7,6.8,5.4,3,,

 ,Age-Adjusted Rate,,,,,,,,,,,,,,
Row Labels,2000,2001,2002,2003,2004,2005,2006,2007,2008,2009,2010,2011,2012,,
Citywide,
Bronx,1.4,2.6,2.8,2,0.7,2.2,4.3,1.2,2,0.7,3.3,3.1,2.3,,

 ,Age-Adjusted Rate,,,,,,,,,,,,,,
Row Labels,2000,2001,2002,2003,2004,2005,2006,2007,2008,2009,2010,2011,2012,,
UHF42,
Kingsbridge - Riverdale,1.3,6.5,7.6,0,0,4.9,2.5,5,2.5,0,5,3.5,3.4,,
Northeast Bronx,1.1,2.3,2.8,2.3,0.6,4.1,6,4.2,4.2,1.8,3.6,10.5,4.6,,
Fordham - Bronx Pk,0.3,1.6,1.9,1.6,1,3.3,3.4,1.4,2.7,1.4,3.8,3.7,1.3,,
Pelham - Throgs Neck,2,2,4,2.3,0,1,6.2,1,5.2,1,7.7,1.7,2.7,,
Crotona -Tremont,0.3,2.1,3.2,2.2,0.4,1.1,5,2.3,0.8,0.8,4.7,5,1.5,,
High Bridge - Morrisania,0.4,2.3,0.8,0.4,0.4,4.8,7.7,0,4.4,0.4,4.8,4.7,3.5,,
Hunts Point - Mott Haven,1.8,1.8,1.2,3.1,0.6,3.1,5.6,1.2,0,0.6,4.8,5.8,1.2,,
Greenpoint,0,5.3,1.3,0.7,1.4,0,1.4,0.7,0.7,0,1.4,0.7,0,,
Downtown - Heights - Slope,1.6,2.1,0.5,0,0,1.9,3.4,0.5,1.4,0.9,3.5,2.6,2.1,,
Bedford Stuyvesant - Crown Heights,0.5,2,2.6,2.1,1.5,1.6,5.8,1.3,3.3,1.6,1.6,3.3,3.8,,
East New York,0.9,1.4,4.2,0.9,0,0.5,5,1,2,0,1.9,1.4,1.8,,
Sunset Park,3.6,2.2,1.4,1.5,1.4,4.3,2.9,0,0,0.7,1.4,1.4,2,,
Borough Park,0.5,0.5,1,1.5,0,1.2,1.4,0.4,0.7,0.6,0.9,2.4,1.1,,
East Flatbush - Flatbush,0.3,1.5,1.6,1.6,0.3,1.4,4.2,1.1,1.8,0.4,5,3.5,2.3,,
Canarsie - Flatlands,0.5,1.7,2.2,1.1,0,2.4,6.6,0.6,2.4,0.6,3.5,2.3,5,,
Bensonhurst - Bay Ridge,0.6,1.2,1.8,1.8,0,1.8,3.5,0,1.7,0,2.8,2.8,1.6,,
Coney Island - Sheepshead Bay,2.6,5.2,1.7,1.3,1.7,3.3,5.8,0.4,2,1.2,2.4,0.8,2.8,,
Williamsburg - Bushwick,1.2,5.2,4.5,2.9,1.7,4.3,5.3,2.7,0.4,0.9,0,2.1,4.2,,
Washington Heights,0.7,1.5,3.1,2,0.4,2.9,5.6,1.8,0.9,1.5,5.5,4.3,1.8,,
Central Harlem - Morningside Heights,1.3,8,8.6,3.4,2.7,4.1,9.1,2.1,3.6,1.5,2.2,2.8,2.7,,
East Harlem,1.8,4.5,7.2,6.4,0,1.9,4.8,3.9,5,4.1,6.2,6.9,3.8,,
Upper West Side,1.4,0.7,3.8,5,0.6,1.2,2.3,1.7,3.5,0.6,1.2,2.8,2.8,,
Upper East Side,0,1.3,3.2,1.2,1.2,1.2,1.7,1.2,1.8,0,2.5,4.1,2.3,,
Chelsea - Clinton,0,9.1,5.2,1.7,3.1,7.6,6,0,4.3,4.4,8.7,2.8,1.3,,
Gramercy Park - Murray Hill,0,0,3.5,5,3.1,3,6.1,0,3,1.5,3.1,1.5,1.4,,
Greenwich Village - SoHo,20.9,4.9,2.3,4.4,0,2,2,0,0,0,6.2,2,1.9,,
Union Square - Lower East Side,9.6,2.5,1.7,0.8,0.8,7.4,3.4,2.6,2.7,0,3.9,1.8,2.6,,
Lower Manhattan,33.2,16.1,7.1,3.2,2.8,2.6,2.5,2.3,0,2.2,2.1,0,1.9,,
Long Island City - Astoria,1.1,3.8,3.4,3.4,1.2,1.8,5.5,0,2.5,0,5.3,7.1,2.5,,
West Queens,0.9,3.6,2.5,0.9,0.7,1.1,5.3,0.7,1.3,0.2,1.5,2.3,1.5,,
Flushing - Clearview,2.9,1.5,1,1.5,0.5,1,2.1,0,0,0,1.1,0.5,1,,
Bayside - Little Neck,0,0,0,1.6,0,0,0,0,1.7,0,1.7,1.7,3.3,,
Ridgewood - Forest Hills,1.5,1.5,2.4,2.4,0.5,2.4,3.4,0.5,1.4,0,2.9,3.7,2.7,,
Fresh Meadows,2.3,2.3,0,1.1,0,2.2,0,0,1.1,0,2.2,0,3.1,,
Southwest Queens,0.4,4.1,4.2,3.9,0.4,0.4,3.7,1.7,1.2,0.4,3.8,2.5,0.8,,
Jamaica,1.4,3.6,6.6,3,0.4,0.8,6.3,0.8,1.6,0.8,2.7,2.3,2.6,,
Southeast Queens,1.7,1.7,2.9,0.6,0.6,1.3,3.3,0,1.3,0,1.3,0,1.3,,
Rockaways,0,0.8,0,0,0.8,0.8,1.7,0,0,0,1.6,0.8,0,,
Port Richmond,1.4,5.6,2.8,2.8,0,6.9,1.4,4.1,1.3,0,3.9,5.2,0,,
Stapleton - St. George,2.6,2.7,4.5,1.8,0.9,1.8,2.7,3.6,5.4,0,8.1,7.2,2.7,,
Willowbrook,2.7,2.7,0,1.4,0,4.2,1.4,2.8,2.8,2.8,8.5,5.7,4.3,,
South Beach - Tottenville,0.6,1.8,1.9,2.5,1.3,2.6,3.9,2.6,2.6,0.7,6.6,4,4,,

"Homes Using Supplemental Heat", ,
 ,Percent,,,,,,
Row Labels,1999,2002,2005,2008,2011,,
Borough,
Bronx,15.4,17.8,21.3,21.7,24.5,,
Brooklyn,13.7,12.5,15.2,15.7,18,,
Manhattan,13.2,11.5,17,12.4,15.4,,
Queens,8.3,8.3,11.3,14.2,13.9,,
Staten Island,7.4,7.7,9.6,7.7,8.9,,

 ,Percent,,,,,,
Row Labels,1999,2002,2005,2008,2011,,
Citywide,
Bronx,12,11.7,15.2,14.8,16.9,,

 ,Percent,,,,,,
Row Labels,1999,2002,2005,2008,2011,,
Subboro,
Bronx,26.2,22.2,18.1,25.8,25.6,,
Brooklyn,23.1,22.3,25.3,25.3,28.1,,
Manhattan,15.9,21.3,31.7,25.6,29.3,,
Queens,19.6,26,24.4,18.5,34.4,,
Staten Island,11.1,20.1,22.9,28.1,27.8,,
Riverdale/Kingsbridge,9.2,9.6,18.6,11.9,22.5,,
Soundview/Parkchester,20.5,17.1,22.7,19.6,20.8,,
Throgs Neck/Co-op City,5.7,6.2,10.2,14.8,18.3,,
Pelham Parkway,8,11.9,14.9,25.9,15.4,,
Williamsbridge/Baychester,14.9,21.1,21.5,22.6,22.7,,
Williamsburg/Greenpoint,12.9,5.4,15.2,12.4,17,,
Brooklyn Heights/Fort Greene,13.8,14.7,17.7,16.8,13.9,,
Bedford Stuyvesant,23.4,19.5,23.2,20.7,24.4,,
Bushwick,14.5,18.1,18.8,19.5,16.8,,
East New York/Starret City,15.6,22.8,20.2,11.5,20.8,,
Park Slope/Carroll Gardens,16.1,14,10.9,11.5,13.9,,
Sunset Park,14.6,7.7,12.4,8.5,11.5,,
N. Crown Heights/Prospect Heights,20.5,21.6,22.6,30.2,25.1,,
South Crown Heights,13.4,17.6,17.1,28,34.6,,
Bay Ridge,4.6,5.6,9.8,8.6,9.3,,
Bensonhurst,16.1,8.4,10.1,10.9,13.1,,
Borough Park,10.5,12.4,9.5,10.8,9.3,,
Coney Island,11.5,4.5,10.4,7.1,16.5,,
Flatbush,10.6,9.4,26.1,19,25.6,,
Sheepshead Bay/Gravesend,9,7.7,8.7,8,11.1,,
Brownsville/Ocean Hill,17.2,20,23.2,37.2,30.4,,
East Flatbush,16.6,13.8,11.2,22.1,21,,
Flatlands/Canarsie,12,7.3,9.3,11.5,15.1,,
Greenwich Village/Financial District,14.2,10,16.9,8.5,11.6,,
Lower East Side/Chinatown,21.3,16.2,22.1,15,14.5,,
Chelsea/Clinton/Midtown,11,11.6,16.7,12.7,13,,
Stuyvesant Town/Turtle Bay,8.6,8.7,17.2,9.7,8.9,,
Upper West Side,9.3,9.8,12.3,9.5,16.9,,
Upper East Side,8.1,5.7,12.3,10.4,7.1,,
Morningside Heights/Hamilton Heights,10.7,13.4,19.3,19.4,24.2,,
Central Harlem,35.4,24.9,25,12.9,33.1,,
East Harlem,26.7,18.2,20.2,19.8,23.2,,
Washington Heights/Inwood,9.3,9.8,17.6,14.2,20.6,,
Astoria,11.7,9.1,11.8,10.8,13.5,,
Sunnyside/Woodside,6.3,8.8,14.1,15.4,12.9,,
Jackson Heights,9,9.4,7.9,9.9,16.8,,
Elmhurst/Corona,9.6,11.1,10.3,15.2,16.3,,
Middle Village/Ridgewood,4.9,7.2,9.1,5.9,12.7,,
Forest Hills/Rego Park,5.2,8.6,8,11.3,8.4,,
Flushing/Whitestone,5.5,4.9,9,23.2,7.1,,
Hillcrest/Fresh Meadows,10.9,12.9,16.8,17.7,12.1,,
Kew Gardens/Woodhaven,7.2,7.4,10.4,15.3,16.3,,
Howard Beach/South Ozone Park,1.7,6,7.4,8,12.7,,
Bayside/Little Neck,9.5,5.3,8.2,16,8.3,,
Jamaica,11,9.6,17.3,13.9,23.4,,
Bellerose/Rosedale,5.9,7.2,13.5,14.3,17.3,,
Rockaways,18.3,10.3,12.6,18,19.9,,
North Shore,9.1,14.8,13.5,12.1,12.8,,
Mid Island,9.6,3.4,9.3,5.7,7.2,,
South Shore,3.6,4.3,6.1,4.6,6.3,,

 ,Percent,,,,,,
Row Labels,1999,2002,2005,2008,2011,,
UHF42,
Kingsbridge - Riverdale,9.3,10,18.7,12.6,22.6,,
Northeast Bronx,11.4,15.7,17.5,21,20.4,,
Fordham - Bronx Pk,12.5,18.7,21.6,24.8,25.5,,
Pelham - Throgs Neck,14.4,13.3,18.1,19.5,19.2,,
Crotona -Tremont,20.5,23.8,24.6,21.4,30.9,,
High Bridge - Morrisania,18.8,21.7,28.5,25.4,28.7,,
Hunts Point - Mott Haven,25.8,22.2,18.9,25.7,25.9,,
Greenpoint,12.9,5.4,15.2,12.4,17,,
Downtown - Heights - Slope,15.4,14.3,14.4,14.2,14.3,,
Bedford Stuyvesant - Crown Heights,18.9,19.6,21.4,28.9,25.5,,
East New York,15.7,21.7,20.5,16.6,22,,
Sunset Park,13.3,7.5,12,8.5,11.2,,
Borough Park,11.6,10.4,13.6,12.4,13.9,,
East Flatbush - Flatbush,13.5,13.3,17.4,22.3,26.3,,
Canarsie - Flatlands,12.6,9.1,10.4,12.1,16,,
Bensonhurst - Bay Ridge,9.9,6.8,9.9,9.5,11.3,,
Coney Island - Sheepshead Bay,10.6,6.5,9.5,7.9,13.4,,
Williamsburg - Bushwick,18.2,17.5,20.4,19.4,20.2,,
Washington Heights,9.6,10.7,18,15.5,21.5,,
Central Harlem - Morningside Heights,29.8,22.2,23.6,14.5,30.9,,
East Harlem,27,18.4,20.4,19.6,23.5,,
Upper West Side,9.4,10.2,13.1,10.7,17.8,,
Upper East Side,8.1,5.7,12.3,10.4,7.1,,
Chelsea - Clinton,11.2,11.4,16.7,12.3,12.9,,
Gramercy Park - Murray Hill,8.8,8.9,17.1,9.9,9.2,,
Greenwich Village - SoHo,14.5,10.3,17.1,8.8,11.7,,
Union Square - Lower East Side,18.2,14.2,20.7,13.4,13.2,,
Lower Manhattan,15,10.7,17.5,9.2,11.9,,
Long Island City - Astoria,10.7,9,12.2,11.7,13.4,,
West Queens,8.2,9.5,10.2,12.3,15.3,,
Flushing - Clearview,5.8,5,8.9,22.7,7.2,,
Bayside - Little Neck,9.5,5.3,8.2,16,8.3,,
Ridgewood - Forest Hills,5.1,7.9,8.5,8.7,10.5,,
Fresh Meadows,10.4,11.9,15.7,17.9,11.5,,
Southwest Queens,4.6,6.8,9,11.9,14.6,,
Jamaica,10.8,10.4,17.1,14.9,20.4,,
Southeast Queens,6.3,7.4,13.6,14.4,17.2,,
Rockaways,18.3,10.3,12.6,18,19.9,,
Port Richmond,9.1,14.8,13.5,12.1,12.8,,
Stapleton - St. George,9.3,10.9,12,9.9,10.9,,
Willowbrook,9.5,7,10.6,7.7,9,,
South Beach - Tottenville,4.5,4.2,6.6,4.8,6.4,,

"Homes with Cockroaches", ,
 ,Percent,,,
Row Labels,2008,2011,,
Borough,
Bronx,42.3,37.7,,
Brooklyn,32.9,26.6,,
Manhattan,26.4,20.6,,
Queens,23.7,19.7,,
Staten Island,6,5.2,,

 ,Percent,,,
Row Labels,2008,2011,,
Citywide,
Bronx,28.5,24,,

 ,Percent,,,
Row Labels,2008,2011,,
Subboro,
Bronx,40.9,48.5,,
Brooklyn,43.1,43.7,,
Manhattan,53.1,50.9,,
Queens,55.3,46.8,,
Staten Island,63.4,44.7,,
Riverdale/Kingsbridge,36,32.3,,
Soundview/Parkchester,34,38.2,,
Throgs Neck/Co-op City,14.5,15.6,,
Pelham Parkway,40.2,22.8,,
Williamsbridge/Baychester,43.7,27.4,,
Williamsburg/Greenpoint,26,21.2,,
Brooklyn Heights/Fort Greene,25.4,20.7,,
Bedford Stuyvesant,40.5,33.8,,
Bushwick,51.9,39.1,,
East New York/Starret City,34.7,40.1,,
Park Slope/Carroll Gardens,18.6,14.4,,
Sunset Park,20.7,30.2,,
N. Crown Heights/Prospect Heights,45.7,25.1,,
South Crown Heights,55.9,42.2,,
Bay Ridge,20.9,16.3,,
Bensonhurst,24.9,17.6,,
Borough Park,28.3,19.6,,
Coney Island,27.6,31.1,,
Flatbush,53.4,31.1,,
Sheepshead Bay/Gravesend,16.6,23.1,,
Brownsville/Ocean Hill,52.6,35.1,,
East Flatbush,38.3,28.4,,
Flatlands/Canarsie,25.5,19.1,,
Greenwich Village/Financial District,12.7,12.1,,
Lower East Side/Chinatown,42.1,34.2,,
Chelsea/Clinton/Midtown,23,13.8,,
Stuyvesant Town/Turtle Bay,12.7,10.3,,
Upper West Side,19.1,14.7,,
Upper East Side,9.5,11.2,,
Morningside Heights/Hamilton Heights,42.4,31.5,,
Central Harlem,36.5,29.2,,
East Harlem,51.1,42.4,,
Washington Heights/Inwood,54.1,32.8,,
Astoria,34.1,22.2,,
Sunnyside/Woodside,42.1,22.2,,
Jackson Heights,29.7,27.3,,
Elmhurst/Corona,50.7,38.6,,
Middle Village/Ridgewood,16.7,14.4,,
Forest Hills/Rego Park,22,26.7,,
Flushing/Whitestone,22.6,17.7,,
Hillcrest/Fresh Meadows,20.9,20.9,,
Kew Gardens/Woodhaven,18.1,26.2,,
Howard Beach/South Ozone Park,15.4,8.7,,
Bayside/Little Neck,9.3,3.6,,
Jamaica,16.9,20.6,,
Bellerose/Rosedale,10.4,7.1,,
Rockaways,20.7,21.1,,
North Shore,13.9,9.5,,
Mid Island,3,5.7,,
South Shore,0.6,0.4,,

 ,Percent,,,
Row Labels,2008,2011,,
UHF42,
Kingsbridge - Riverdale,37.9,32.8,,
Northeast Bronx,35.4,23.5,,
Fordham - Bronx Pk,53.3,38.8,,
Pelham - Throgs Neck,30.1,29.6,,
Crotona -Tremont,49.5,44.9,,
High Bridge - Morrisania,49.5,48.9,,
Hunts Point - Mott Haven,41.2,47.9,,
Greenpoint,26,21.2,,
Downtown - Heights - Slope,22.7,18.5,,
Bedford Stuyvesant - Crown Heights,44.9,29.5,,
East New York,39.3,39,,
Sunset Park,20.7,28.2,,
Borough Park,32.5,22.7,,
East Flatbush - Flatbush,47.5,33,,
Canarsie - Flatlands,27.1,21.6,,
Bensonhurst - Bay Ridge,22.9,17.5,,
Coney Island - Sheepshead Bay,21.7,25.7,,
Williamsburg - Bushwick,44.5,35.1,,
Washington Heights,51.2,32.5,,
Central Harlem - Morningside Heights,38.2,30.1,,
East Harlem,50.7,42,,
Upper West Side,21.8,16.7,,
Upper East Side,9.5,11.2,,
Chelsea - Clinton,22.1,13.7,,
Gramercy Park - Murray Hill,13.5,10.6,,
Greenwich Village - SoHo,13.9,13,,
Union Square - Lower East Side,33.9,27.6,,
Lower Manhattan,16.1,14.6,,
Long Island City - Astoria,35.6,22.2,,
West Queens,37.4,27.9,,
Flushing - Clearview,21.7,16.7,,
Bayside - Little Neck,9.3,3.6,,
Ridgewood - Forest Hills,19.4,20.7,,
Fresh Meadows,20.2,19.5,,
Southwest Queens,16.8,18,,
Jamaica,17.7,20.4,,
Southeast Queens,10.9,7.9,,
Rockaways,20.7,21.1,,
Port Richmond,13.9,9.5,,
Stapleton - St. George,10.1,8.2,,
Willowbrook,6.4,6.9,,
South Beach - Tottenville,1,1.2,,

"Homes with Cracks or Holes", ,
 ,Percent,,,,,,
Row Labels,1999,2002,2005,2008,2011,,
Borough,
Bronx,21.1,21.9,20.2,21.2,24.7,,
Brooklyn,16.6,15.5,16.6,15.4,17.9,,
Manhattan,17.5,17.5,17.7,14.3,16.2,,
Queens,7.8,6.6,7.5,8.8,9.4,,
Staten Island,5.9,5.5,3.4,4.6,3.9,,

 ,Percent,,,,,,
Row Labels,1999,2002,2005,2008,2011,,
Citywide,
Bronx,14.6,14.1,14.2,13.5,15.7,,

 ,Percent,,,,,,
Row Labels,1999,2002,2005,2008,2011,,
Subboro,
Bronx,27.4,23.8,14.3,19.3,33.8,,
Brooklyn,18.3,21.1,28.1,25.4,27.2,,
Manhattan,30.7,33.1,31.4,35.9,29.2,,
Queens,29.1,33.5,31,23.3,31.2,,
Staten Island,20.4,25.1,20.1,28.8,31.6,,
Riverdale/Kingsbridge,20.3,20,19.8,19.5,18.5,,
Soundview/Parkchester,25.1,18.9,15.1,16.9,24.6,,
Throgs Neck/Co-op City,6.4,7.3,6.6,10.5,16,,
Pelham Parkway,18.2,15.5,17.1,16,11.4,,
Williamsbridge/Baychester,15,20.9,18.1,15.5,21,,
Williamsburg/Greenpoint,12.5,4,11,15.2,14.1,,
Brooklyn Heights/Fort Greene,19.9,20.6,17.8,22,18.1,,
Bedford Stuyvesant,32.7,16.4,18.5,23.7,23.4,,
Bushwick,23.7,24.3,18.7,23.2,20.9,,
East New York/Starret City,21.2,12.4,15,13.2,22.4,,
Park Slope/Carroll Gardens,13.4,22,14.3,12.8,24.4,,
Sunset Park,20.3,17.6,12.1,10.8,20.1,,
N. Crown Heights/Prospect Heights,29.7,32.6,30.5,29.9,19.8,,
South Crown Heights,30.4,23,33.7,29.3,30.1,,
Bay Ridge,5.9,7.8,9.4,8.7,14.6,,
Bensonhurst,7.9,9.7,12.2,9,7.4,,
Borough Park,7.9,15,16.1,12.4,12.2,,
Coney Island,9.5,4,11.8,7.2,11,,
Flatbush,24.7,21.8,27.2,20.7,22.8,,
Sheepshead Bay/Gravesend,5.6,7.5,6.7,3,10.8,,
Brownsville/Ocean Hill,24.9,28.3,21.2,28.5,24.3,,
East Flatbush,22.5,16.8,17.6,16.6,24.3,,
Flatlands/Canarsie,6.4,5.6,9,6,12.1,,
Greenwich Village/Financial District,18,17,19.8,10.3,10.9,,
Lower East Side/Chinatown,21.1,27.4,23.7,26,20.8,,
Chelsea/Clinton/Midtown,18.3,14.7,10.6,12.7,13.8,,
Stuyvesant Town/Turtle Bay,8.9,9.5,9.3,4.7,7.8,,
Upper West Side,9.3,14,16.3,9.7,9.7,,
Upper East Side,10.3,11.8,8.1,9.2,10.6,,
Morningside Heights/Hamilton Heights,23.4,23.1,20.8,20.6,20.4,,
Central Harlem,29,30.4,20.2,15,24.7,,
East Harlem,27.2,17.6,22.4,21.3,33.5,,
Washington Heights/Inwood,30.5,21.8,35.4,26.6,28.4,,
Astoria,13.2,10.8,9.8,16.5,15.5,,
Sunnyside/Woodside,15.5,8,8.8,17.2,16.2,,
Jackson Heights,8.6,10.6,10.5,11,11.5,,
Elmhurst/Corona,6.9,12.4,9.6,8.3,8.7,,
Middle Village/Ridgewood,5.9,7.8,8.9,7.5,10.1,,
Forest Hills/Rego Park,6.7,6.9,8.3,5,12.4,,
Flushing/Whitestone,4.2,5.6,6.9,8.8,4.6,,
Hillcrest/Fresh Meadows,7.2,2.3,7.8,7.4,9.5,,
Kew Gardens/Woodhaven,7.3,5.8,6.9,7.1,9.8,,
Howard Beach/South Ozone Park,2.7,4.4,4.2,5.5,4.4,,
Bayside/Little Neck,2.9,4.7,3.8,6.3,4.7,,
Jamaica,10.1,6.3,5.5,5.1,9.7,,
Bellerose/Rosedale,4.6,3.4,5.2,8.3,6.5,,
Rockaways,14,2.9,7.5,5.1,7.5,,
North Shore,9.6,10.8,5.8,8.3,5.8,,
Mid Island,5.8,3.4,2.4,3.7,5.7,,
South Shore,1.9,1.8,1.8,1.5,0.4,,

 ,Percent,,,,,,
Row Labels,1999,2002,2005,2008,2011,,
UHF42,
Kingsbridge - Riverdale,20.3,20.6,20.2,19.5,,
Northeast Bronx,16.4,14.9,14.2,18.2,,
Fordham - Bronx Pk,23.1,20.9,24.1,26.1,,
Pelham - Throgs Neck,15.3,13.3,15.1,20,,
Crotona -Tremont,27.9,28.8,24,29,,
High Bridge - Morrisania,29.4,28.6,31.3,29.3,,
Hunts Point - Mott Haven,23.5,15.8,20,33,,
Greenpoint,4,11,15.2,14.1,,
Downtown - Heights - Slope,21.2,16.1,17.3,21.4,,
Bedford Stuyvesant - Crown Heights,26.7,24.4,27,22.1,,
East New York,16.2,16.4,16.7,22.5,,
Sunset Park,16.3,11.7,10.5,19.4,,
Borough Park,15.6,17.4,13.4,14.6,,
East Flatbush - Flatbush,19.5,25,21.1,24.9,,
Canarsie - Flatlands,6.8,10,7.3,13.7,,
Bensonhurst - Bay Ridge,8.4,10.7,8.8,11.3,,
Coney Island - Sheepshead Bay,6.3,9.2,5.2,10.6,,
Williamsburg - Bushwick,19,17.9,22.7,21.4,,
Washington Heights,22.1,31.8,25.1,26.4,,
Central Harlem - Morningside Heights,28.4,20.4,16.4,24.1,,
East Harlem,18,22.3,21.1,33.2,,
Upper West Side,15.1,16.8,11,10.9,,
Upper East Side,11.8,8.1,9.2,10.6,,
Chelsea - Clinton,14.9,11.3,12.5,13.5,,
Gramercy Park - Murray Hill,9.9,9.4,5.4,8.3,,
Greenwich Village - SoHo,17.4,20,10.9,11.3,,
Union Square - Lower East Side,23.1,20.5,20.6,17.5,,
Lower Manhattan,18.2,20.3,12.1,12,,
Long Island City - Astoria,10.3,9.6,16.6,15.6,,
West Queens,10.2,9.7,11.5,11.8,,
Flushing - Clearview,5.5,6.7,8.6,4.6,,
Bayside - Little Neck,4.7,3.8,6.3,4.7,,
Ridgewood - Forest Hills,7.4,8.6,6.2,11.3,,
Fresh Meadows,2.7,7.5,7.4,8.9,,
Southwest Queens,5.1,5.7,6.4,7.3,,
Jamaica,5.3,6,5.8,9.6,,
Southeast Queens,3.5,5.3,8.1,6.7,,
Rockaways,2.9,7.5,5.1,7.5,,
Port Richmond,10.8,5.8,8.3,5.8,,
Stapleton - St. George,8.3,4.7,6.7,5.8,,
Willowbrook,5.8,3.5,5.2,5.7,,
South Beach - Tottenville,2.1,1.9,1.8,1.2,,

"Homes with Leaks", ,
 ,Percent,,,,,,
Row Labels,1999,2002,2005,2008,2011,,
Borough,
Bronx,22.7,28.1,24.3,26.5,28.1,,
Brooklyn,19.5,16.9,19.6,17.1,22.7,,
Manhattan,21.2,20.1,20.8,16.1,21.8,,
Queens,14.2,11,11.5,12.8,15.2,,
Staten Island,14.2,8.7,12,11.5,7.1,,

 ,Percent,,,,,,
Row Labels,1999,2002,2005,2008,2011,,
Citywide,
Bronx,18.7,17.4,18,16.7,20.6,,

 ,Percent,,,,,,
Row Labels,1999,2002,2005,2008,2011,,
Subboro,
Bronx,29.2,28.1,19.8,19.6,30.6,,
Brooklyn,18,27.6,30.2,29.8,31,,
Manhattan,31.8,42.3,38.6,44.9,28.5,,
Queens,31.1,45,34.3,29.8,30.5,,
Staten Island,22.8,34.3,25.5,33.5,38.6,,
Riverdale/Kingsbridge,20,23.1,19.8,19,26.3,,
Soundview/Parkchester,28.9,23.5,18.3,22.6,28.9,,
Throgs Neck/Co-op City,12.9,10.1,13.9,19.4,25.3,,
Pelham Parkway,21.2,23.2,20,24.5,17.8,,
Williamsbridge/Baychester,10.5,25.9,23.3,24.4,22.1,,
Williamsburg/Greenpoint,13.3,5.7,16,19,23.3,,
Brooklyn Heights/Fort Greene,21.7,19.6,20.8,28.2,21.8,,
Bedford Stuyvesant,21,15.5,24.7,21.2,30.5,,
Bushwick,16.7,19.5,21,18.7,25.6,,
East New York/Starret City,21.5,16.6,21.1,11.4,18.5,,
Park Slope/Carroll Gardens,20.6,16.8,19,18.2,33.3,,
Sunset Park,24.6,18,18.2,9.8,19.2,,
N. Crown Heights/Prospect Heights,26.6,31,32.7,22.8,24,,
South Crown Heights,32.9,24.4,40.3,32.4,34.9,,
Bay Ridge,11,13.6,18.5,13.9,17.6,,
Bensonhurst,11.1,10,10.6,12.2,15.1,,
Borough Park,14,15.1,23.6,15.7,21,,
Coney Island,14.4,8.6,13,9,16.4,,
Flatbush,35.1,25,25.8,24.2,29.3,,
Sheepshead Bay/Gravesend,15.6,15.9,7.7,7.3,15.4,,
Brownsville/Ocean Hill,24.7,19.1,24.5,24.1,25.8,,
East Flatbush,25.4,22.5,13.6,23.5,28.1,,
Flatlands/Canarsie,12,11.9,10.4,8.2,17.5,,
Greenwich Village/Financial District,26.5,17.9,22.6,11.3,14.7,,
Lower East Side/Chinatown,20,26.3,23.1,26.4,20.6,,
Chelsea/Clinton/Midtown,23,22.6,14.5,13.4,17.4,,
Stuyvesant Town/Turtle Bay,13.4,12.5,10.2,8.1,13.8,,
Upper West Side,15.4,19.2,17.6,15.6,19.9,,
Upper East Side,17.3,16.5,14,9.9,13.1,,
Morningside Heights/Hamilton Heights,25.5,27.1,27.7,20.1,32.2,,
Central Harlem,26,24.8,23,16,31.7,,
East Harlem,22.1,16.8,24.7,16.4,35.9,,
Washington Heights/Inwood,33.4,23.1,40.4,33.2,39.9,,
Astoria,18.9,10.1,11.1,12.5,15.6,,
Sunnyside/Woodside,21.5,12.1,19.9,16,20.5,,
Jackson Heights,16.2,17.6,10.9,15.5,18.6,,
Elmhurst/Corona,13.9,14.1,7.6,12.2,18.8,,
Middle Village/Ridgewood,12.1,5.7,8.9,11.3,15.6,,
Forest Hills/Rego Park,10,17.5,17.2,17.3,17.3,,
Flushing/Whitestone,11.2,11.2,9.3,12.5,8.6,,
Hillcrest/Fresh Meadows,16,15.3,14.7,17.5,15.2,,
Kew Gardens/Woodhaven,8.5,9.6,8.2,5.1,14,,
Howard Beach/South Ozone Park,7.5,4.4,3.5,5.7,10.3,,
Bayside/Little Neck,12.7,13.3,11.1,13.3,8.1,,
Jamaica,18.8,8.1,16.1,11.8,19.6,,
Bellerose/Rosedale,13.5,9,11.1,15.6,13.3,,
Rockaways,16.2,7.5,10.1,11.3,21,,
North Shore,17.5,17.6,13.7,18.4,9.4,,
Mid Island,15.7,5.8,12.6,9.7,7.1,,
South Shore,9.4,2.2,9.9,5.7,4.8,,

 ,Percent,,,,,,
Row Labels,1999,2002,2005,2008,2011,,
UHF42,
Kingsbridge - Riverdale,23.5,21.1,20.2,27.4,,
Northeast Bronx,21.3,20.3,23.1,22.3,,
Fordham - Bronx Pk,31.1,25,29.4,31.6,,
Pelham - Throgs Neck,20,17.5,22.1,26,,
Crotona -Tremont,37,31.8,29.8,30.3,,
High Bridge - Morrisania,37.4,34.4,38.2,29.3,,
Hunts Point - Mott Haven,28,21,20.8,30.6,,
Greenpoint,5.7,16,19,23.3,,
Downtown - Heights - Slope,18.2,20.1,22.3,27.6,,
Bedford Stuyvesant - Crown Heights,23.8,27.3,23.8,25.9,,
East New York,17.3,21.6,14.2,20.4,,
Sunset Park,17.4,18.2,10.4,19.1,,
Borough Park,16.7,21.2,16.4,21.6,,
East Flatbush - Flatbush,23.2,25.5,25.5,29.9,,
Canarsie - Flatlands,12.9,11.6,9.3,18.2,,
Bensonhurst - Bay Ridge,11.8,14.9,13,16.5,,
Coney Island - Sheepshead Bay,12.5,10,8.4,15.8,,
Williamsburg - Bushwick,16.5,22.2,19.8,27.5,,
Washington Heights,24.1,37.2,30,38,,
Central Harlem - Morningside Heights,25,24.1,16.9,31.9,,
East Harlem,17.1,24.6,16.4,35.8,,
Upper West Side,20.2,18.8,16.1,21.3,,
Upper East Side,16.5,14,9.9,13.1,,
Chelsea - Clinton,22.1,15.1,13.2,17.2,,
Gramercy Park - Murray Hill,13.3,10.6,8.5,14.1,,
Greenwich Village - SoHo,18.3,22.6,11.9,14.9,,
Union Square - Lower East Side,23,20.6,21.6,18.8,,
Lower Manhattan,18.9,22.6,13,15.4,,
Long Island City - Astoria,10.5,12.7,13.2,16.5,,
West Queens,14,11.8,14.2,18.7,,
Flushing - Clearview,11.3,9.5,12.6,8.6,,
Bayside - Little Neck,13.3,11.1,13.3,8.1,,
Ridgewood - Forest Hills,11.7,13.1,14.4,16.5,,
Fresh Meadows,14.9,14.1,16.9,14.3,,
Southwest Queens,7.2,6,5.4,12.3,,
Jamaica,9.9,15.6,13.3,18.3,,
Southeast Queens,9.2,11.4,15.5,13.5,,
Rockaways,7.5,10.1,11.3,21,,
Port Richmond,17.6,13.7,18.4,9.4,,
Stapleton - St. George,13.5,13.3,15.4,8.6,,
Willowbrook,9.5,12.9,12.5,7.8,,
South Beach - Tottenville,2.7,10.3,6.3,5.2,,

"Homes with Mice or Rats in the Building", ,
 ,Percent,,,,,,
Row Labels,1999,2002,2005,2008,2011,,
Borough,
Bronx,28.7,34.1,34.6,36,33.1,,
Brooklyn,26.3,27.8,25.8,26.3,28.6,,
Manhattan,21.6,21.7,22.5,19.9,21.1,,
Queens,12.5,14,11.9,13.9,14.8,,
Staten Island,5.2,7,6.2,8.4,5.6,,

 ,Percent,,,,,,
Row Labels,1999,2002,2005,2008,2011,,
Citywide,
Bronx,20.8,22.6,21.6,21.8,22.8,,

 ,Percent,,,,,,
Row Labels,1999,2002,2005,2008,2011,,
Subboro,
Bronx,33.6,43.5,31.1,35.1,41.7,,
Brooklyn,38.2,45.2,47.7,43.1,39.2,,
Manhattan,43.6,52.2,53.4,53.6,42.4,,
Queens,51.7,64.3,62.7,57.7,54.3,,
Staten Island,35,51.5,45.4,47.9,37.1,,
Riverdale/Kingsbridge,26.3,27.4,24.8,20.8,25.3,,
Soundview/Parkchester,34.1,18.8,27.7,25,31.7,,
Throgs Neck/Co-op City,3.5,4.3,9.1,13.8,12.4,,
Pelham Parkway,12.7,19.9,18.9,31.7,15.5,,
Williamsbridge/Baychester,10.7,18.6,22.4,31.2,27.3,,
Williamsburg/Greenpoint,26.4,11.3,23.5,19.7,19.5,,
Brooklyn Heights/Fort Greene,15.8,22.1,23,26.3,17.1,,
Bedford Stuyvesant,41.1,40.6,31.1,37.5,35.2,,
Bushwick,48.1,49.1,34.1,44.5,49.2,,
East New York/Starret City,37,33.3,29.3,26.3,42.4,,
Park Slope/Carroll Gardens,20.4,20.7,16.6,20,20.1,,
Sunset Park,35.2,24.2,21,12.6,32.7,,
N. Crown Heights/Prospect Heights,38.3,42.6,46.1,42,36.2,,
South Crown Heights,46.9,47.6,54.2,42,50.7,,
Bay Ridge,8.7,7.1,7.6,10.4,16.2,,
Bensonhurst,10.8,12.4,9.9,12.8,9.9,,
Borough Park,23.8,25.8,24.6,29.2,22.5,,
Coney Island,17.2,15.9,15,18.4,19,,
Flatbush,37.2,40.2,39,38.3,33.7,,
Sheepshead Bay/Gravesend,10,12.1,4.9,9,11.7,,
Brownsville/Ocean Hill,39,46.4,44.9,50.4,49.8,,
East Flatbush,33.2,39,35,32.6,47.1,,
Flatlands/Canarsie,11.7,23.7,13.7,21.9,24.4,,
Greenwich Village/Financial District,17.5,17.6,21.1,10.6,13.3,,
Lower East Side/Chinatown,31.9,29,24,31.5,27.2,,
Chelsea/Clinton/Midtown,18.1,16.6,16.8,18.7,17.6,,
Stuyvesant Town/Turtle Bay,11.1,8.3,8.5,6.7,13.4,,
Upper West Side,8.5,10.2,10,14.5,14,,
Upper East Side,8,11,13.3,10.2,9.6,,
Morningside Heights/Hamilton Heights,25.7,34.8,37.7,30.2,33.3,,
Central Harlem,40.2,37.2,34.2,25.3,34.1,,
East Harlem,38.2,33.1,35.7,29,39.9,,
Washington Heights/Inwood,47.5,45.4,48.2,44.7,36,,
Astoria,18.4,11.3,10.5,15.5,12.1,,
Sunnyside/Woodside,16.1,18.5,13.8,20.7,19.8,,
Jackson Heights,26.9,22.7,22.2,25.9,20,,
Elmhurst/Corona,21.2,34.2,23,22.6,30.3,,
Middle Village/Ridgewood,8.7,17.3,13.8,15.4,15.5,,
Forest Hills/Rego Park,7.6,8.1,5.5,6.7,14.8,,
Flushing/Whitestone,10,13.6,11.8,13.3,11.6,,
Hillcrest/Fresh Meadows,10.5,10.6,11.4,13.2,11.3,,
Kew Gardens/Woodhaven,10.8,17.7,15.4,14.1,17.2,,
Howard Beach/South Ozone Park,3.1,6.5,6.5,7.9,11.4,,
Bayside/Little Neck,1.3,1.7,2,3.2,3.6,,
Jamaica,14.8,13.8,14.7,13.8,20,,
Bellerose/Rosedale,5,8.9,3.4,9.2,8.1,,
Rockaways,19.2,16.7,14.3,9.6,13.9,,
North Shore,11.4,15.1,11.6,17.4,11.3,,
Mid Island,1.1,4.2,4.3,5.8,3.9,,
South Shore,1.7,1.2,2.4,1.2,1.2,,

 ,Percent,,,,,,
Row Labels,1999,2002,2005,2008,2011,,
UHF42,
Kingsbridge - Riverdale,29.1,26.7,23,26.3,,
Northeast Bronx,15,18.3,26.6,21.5,,
Fordham - Bronx Pk,42,39,41.8,33.4,,
Pelham - Throgs Neck,15.3,21.3,23.4,23.8,,
Crotona -Tremont,53.8,54.3,50.1,46.5,,
High Bridge - Morrisania,49.8,49.7,49.2,41.8,,
Hunts Point - Mott Haven,43.7,33,36,41.4,,
Greenpoint,11.3,23.5,19.7,19.5,,
Downtown - Heights - Slope,22.4,20.4,23.3,20.1,,
Bedford Stuyvesant - Crown Heights,41.5,41.2,41.6,39.4,,
East New York,37,32.3,32.1,44.1,,
Sunset Park,21.9,19.2,12.4,30.3,,
Borough Park,25.9,24.4,26.3,23.5,,
East Flatbush - Flatbush,41,40.9,36.5,42.7,,
Canarsie - Flatlands,25.4,16.3,22.9,27.3,,
Bensonhurst - Bay Ridge,9.8,8.9,11.8,13.6,,
Coney Island - Sheepshead Bay,13.7,9.4,13.1,14.4,,
Williamsburg - Bushwick,41.9,31.8,39.1,40.3,,
Washington Heights,42.8,45.6,41.1,35.3,,
Central Harlem - Morningside Heights,36.6,35,26.5,34.1,,
East Harlem,33.2,35.6,28.9,39.7,,
Upper West Side,13.1,13.2,16.3,16.3,,
Upper East Side,10.9,13.3,10.2,9.6,,
Chelsea - Clinton,16.7,17,18,17.2,,
Gramercy Park - Murray Hill,9,9.2,7.7,13.7,,
Greenwich Village - SoHo,18.1,21.2,11.5,13.9,,
Union Square - Lower East Side,24,20.8,25,23.4,,
Lower Manhattan,18.9,21.4,13,14.9,,
Long Island City - Astoria,12.7,11.1,16.5,13.6,,
West Queens,24.1,19.3,22.4,22.2,,
Flushing - Clearview,12.8,11.1,12.6,11,,
Bayside - Little Neck,1.7,2,3.2,3.6,,
Ridgewood - Forest Hills,12.6,9.6,10.9,15.1,,
Fresh Meadows,10.1,10.7,12.5,10.8,,
Southwest Queens,12.4,11.2,11.2,14.5,,
Jamaica,12.9,13.6,13.5,17.5,,
Southeast Queens,9,4,9.3,8.5,,
Rockaways,16.7,14.3,9.6,13.9,,
Port Richmond,15.1,11.6,17.4,11.3,,
Stapleton - St. George,11.3,9.1,13.4,8.7,,
Willowbrook,7.7,6.6,9.5,6.2,,
South Beach - Tottenville,1.7,2.7,1.9,1.6,,

"Poverty", ,
 ,Percent,,
Row Labels,2000,,
Borough,
Bronx,51.7,,
Brooklyn,45.6,,
Manhattan,35.7,,
Queens,32.7,,
Staten Island,21.8,,

 ,Percent,,
Row Labels,2000,,
Citywide,
Bronx,39.8,,

 ,Percent,,
Row Labels,2000,,
Subboro,
Bronx,70.4,,
Brooklyn,69.1,,
Manhattan,65.3,,
Queens,65.6,,
Staten Island,56.4,,
Riverdale/Kingsbridge,35.8,,
Soundview/Parkchester,49.9,,
Throgs Neck/Co-op City,23.9,,
Pelham Parkway,36.2,,
Williamsbridge/Baychester,35.9,,
Williamsburg/Greenpoint,57.1,,
Brooklyn Heights/Fort Greene,39.2,,
Bedford Stuyvesant,56.5,,
Bushwick,64.9,,
East New York/Starret City,54.8,,
Park Slope/Carroll Gardens,27.7,,
Sunset Park,51.8,,
N. Crown Heights/Prospect Heights,49.3,,
South Crown Heights,46.3,,
Bay Ridge,30.4,,
Bensonhurst,39.9,,
Borough Park,51.9,,
Coney Island,51.8,,
Flatbush,45.2,,
Sheepshead Bay/Gravesend,33.9,,
Brownsville/Ocean Hill,62.9,,
East Flatbush,39.8,,
Flatlands/Canarsie,26.8,,
Greenwich Village/Financial District,19.1,,
Lower East Side/Chinatown,52.6,,
Chelsea/Clinton/Midtown,24.9,,
Stuyvesant Town/Turtle Bay,14.5,,
Upper West Side,19.6,,
Upper East Side,12.7,,
Morningside Heights/Hamilton Heights,51.8,,
Central Harlem,59,,
East Harlem,61.6,,
Washington Heights/Inwood,55.4,,
Astoria,40.5,,
Sunnyside/Woodside,38.6,,
Jackson Heights,42.7,,
Elmhurst/Corona,43.9,,
Middle Village/Ridgewood,32.2,,
Forest Hills/Rego Park,24.8,,
Flushing/Whitestone,30.9,,
Hillcrest/Fresh Meadows,26,,
Kew Gardens/Woodhaven,34.5,,
Howard Beach/South Ozone Park,27.5,,
Bayside/Little Neck,17.2,,
Jamaica,35.3,,
Bellerose/Rosedale,19.3,,
Rockaways,42.9,,
North Shore,31.3,,
Mid Island,20.7,,
South Shore,12.9,,

 ,Percent,,
Row Labels,2000,,
UHF34,
Kingsbridge - Riverdale,30.5,,
Northeast Bronx,30.3,,
Fordham - Bronx Pk,55.6,,
Pelham - Throgs Neck,40.9,,
Greenpoint,57.3,,
Downtown - Heights - Slope,33.9,,
Bedford Stuyvesant - Crown Heights,52.2,,
East New York,56.6,,
Sunset Park,54.7,,
Borough Park,47.8,,
East Flatbush - Flatbush,41.6,,
Canarsie - Flatlands,28.9,,
Bensonhurst - Bay Ridge,32.6,,
Coney Island - Sheepshead Bay,41.6,,
Williamsburg - Bushwick,63.4,,
Washington Heights,56,,
Central Harlem - Morningside Heights,57.8,,
East Harlem,63.1,,
Upper West Side,21.5,,
Long Island City - Astoria,40.2,,
West Queens,40.7,,
Flushing - Clearview,30.1,,
Ridgewood - Forest Hills,29.8,,
Southwest Queens,31.2,,
Jamaica,33.7,,
Southeast Queens,19,,
Rockaways,42.9,,
Upper East Side-Gramercy,13.7,,
Chelsea-Village  ,24.6,,
Union Square-Lower Manhattan,40.9,,
Bayside Little Neck-Fresh Meadows,20.9,,
Northern SI,32.1,,
Southern SI,15,,
South Bronx,67.2,,

 ,Percent,,
Row Labels,2000,,
UHF42,
Kingsbridge - Riverdale,30.5,,
Northeast Bronx,30.3,,
Fordham - Bronx Pk,55.6,,
Pelham - Throgs Neck,40.9,,
Crotona -Tremont,65.2,,
High Bridge - Morrisania,67.7,,
Hunts Point - Mott Haven,69.7,,
Greenpoint,57.3,,
Downtown - Heights - Slope,33.9,,
Bedford Stuyvesant - Crown Heights,52.2,,
East New York,56.6,,
Sunset Park,54.7,,
Borough Park,47.8,,
East Flatbush - Flatbush,41.6,,
Canarsie - Flatlands,28.9,,
Bensonhurst - Bay Ridge,32.6,,
Coney Island - Sheepshead Bay,41.6,,
Williamsburg - Bushwick,63.4,,
Washington Heights,56,,
Central Harlem - Morningside Heights,57.8,,
East Harlem,63.1,,
Upper West Side,21.5,,
Upper East Side,12.7,,
Chelsea - Clinton,24.5,,
Gramercy Park - Murray Hill,15.3,,
Greenwich Village - SoHo,24.7,,
Union Square - Lower East Side,42.7,,
Lower Manhattan,28.8,,
Long Island City - Astoria,40.2,,
West Queens,40.7,,
Flushing - Clearview,30.1,,
Bayside - Little Neck,17.4,,
Ridgewood - Forest Hills,29.8,,
Fresh Meadows,24.3,,
Southwest Queens,31.2,,
Jamaica,33.7,,
Southeast Queens,19,,
Rockaways,42.9,,
Port Richmond,33.4,,
Stapleton - St. George,31.4,,
Willowbrook,17.8,,
South Beach - Tottenville,13.7,,

"Pre-1960 Homes with Peeling Paint", ,
 ,Percent,,,,,,
Row Labels,1999,2002,2005,2008,2011,,
Borough,
Bronx,16.3,16.7,16.5,14.2,17.3,,
Brooklyn,16.5,12.5,14.2,10.1,15,,
Manhattan,18.7,16.8,18.3,11.5,15.1,,
Queens,7.1,8,8.1,7.6,9.6,,
Staten Island,4.1,2.9,2,1.5,2,,

 ,Percent,,,,,,
Row Labels,1999,2002,2005,2008,2011,,
Citywide,
Bronx,13.8,12.4,13.1,9.8,13.3,,

 ,Percent,,,,,,
Row Labels,1999,2002,2005,2008,2011,,
Subboro,
Bronx,20.2,10.7,6.6,6.1,15.9,,
Brooklyn,15,16.2,19.8,14.3,20.5,,
Manhattan,23.8,27.7,31.3,29.5,23.8,,
Queens,18.7,20.6,19.7,12.6,20.3,,
Staten Island,17.4,17.6,19.9,24.2,26.6,,
Riverdale/Kingsbridge,18.6,18.7,21.4,15.4,15.4,,
Soundview/Parkchester,20.2,14.8,12.1,9.5,16.7,,
Throgs Neck/Co-op City,3.5,3.8,7.4,10.8,7.9,,
Pelham Parkway,13.9,17,12,9.3,7.9,,
Williamsbridge/Baychester,10.5,20.4,16,12.6,15.6,,
Williamsburg/Greenpoint,10.8,2,11.4,8,11.7,,
Brooklyn Heights/Fort Greene,17.3,17.3,18.3,14.4,15.9,,
Bedford Stuyvesant,16.9,10,14.6,10.2,12.9,,
Bushwick,19.1,18.3,13.5,13,16,,
East New York/Starret City,17.7,9.1,11.4,6.9,10.9,,
Park Slope/Carroll Gardens,20.8,18.6,12.9,9.7,23.5,,
Sunset Park,21,14.3,10,7.7,16.7,,
N. Crown Heights/Prospect Heights,26.5,27.4,22.4,17.6,18.9,,
South Crown Heights,25.3,18.2,29.4,18.2,24.6,,
Bay Ridge,7.8,8,8.2,5.4,14.2,,
Bensonhurst,13,9,13.8,7.6,8.3,,
Borough Park,11.2,9.1,13.1,12,12.7,,
Coney Island,11.3,7.5,9.8,4.4,8.7,,
Flatbush,24.3,19.5,23.9,14.9,23.6,,
Sheepshead Bay/Gravesend,14.1,7.7,8,6.8,10.5,,
Brownsville/Ocean Hill,21.3,16.6,14.5,16.9,19.1,,
East Flatbush,22.6,12.7,16.4,13,19.9,,
Flatlands/Canarsie,7.9,6.2,6.6,4,10.2,,
Greenwich Village/Financial District,18.8,17.5,20.4,7.3,11.1,,
Lower East Side/Chinatown,26,29,21.5,20.6,19,,
Chelsea/Clinton/Midtown,17.4,14.2,13.5,9.2,9.3,,
Stuyvesant Town/Turtle Bay,11.3,9.5,12.5,7.3,11,,
Upper West Side,16.2,20.6,17.2,11.5,13,,
Upper East Side,13,11.8,9.9,9.9,9.7,,
Morningside Heights/Hamilton Heights,22.1,19.2,26.4,14.5,23.4,,
Central Harlem,21.4,20,21.1,10.9,20.8,,
East Harlem,26.9,10.5,16.5,6.4,22.6,,
Washington Heights/Inwood,25.8,17,32.7,19.7,23.9,,
Astoria,13.8,11.3,12.1,15.7,18.1,,
Sunnyside/Woodside,11.1,12.9,10.9,15.6,14.3,,
Jackson Heights,7.8,13.2,11.1,6.8,11.8,,
Elmhurst/Corona,3.8,7.4,3.8,3.1,6,,
Middle Village/Ridgewood,4.8,8,9.3,6.5,12.4,,
Forest Hills/Rego Park,10.4,10.9,12.3,11.4,10.6,,
Flushing/Whitestone,5.4,6.9,4.8,8.9,5.5,,
Hillcrest/Fresh Meadows,10.1,13.4,13.4,6.1,12.6,,
Kew Gardens/Woodhaven,6.6,3.4,8.3,5.3,8,,
Howard Beach/South Ozone Park,1.2,3.4,2.8,4.1,4.9,,
Bayside/Little Neck,6.3,5.4,6.7,6.8,4.3,,
Jamaica,5.7,6.2,5.9,2.5,6.9,,
Bellerose/Rosedale,4.1,3.8,7.5,6.9,11,,
Rockaways,5.3,4.7,1.3,2.9,2.1,,
North Shore,9.6,6.4,3.5,3.7,3.6,,
Mid Island,1.2,1.7,1.8,0.4,2.4,,
South Shore,0.5,0.4,0.7,0,0,,

 ,Percent,,,,,,
Row Labels,1999,2002,2005,2008,2011,,
UHF42,
Kingsbridge - Riverdale,18.5,21.9,15.9,16.2,,
Northeast Bronx,15.4,13.1,11.6,12.4,,
Fordham - Bronx Pk,18,18.5,18.4,20.8,,
Pelham - Throgs Neck,12.3,10.9,9.8,12.8,,
Crotona -Tremont,18.8,19.5,13.5,20.1,,
High Bridge - Morrisania,23,25.6,23,22.1,,
Hunts Point - Mott Haven,11.3,8.1,7,16.4,,
Greenpoint,2,11.4,8,11.7,,
Downtown - Heights - Slope,17.7,15.3,11.8,19.6,,
Bedford Stuyvesant - Crown Heights,19.8,18.7,15.8,18.2,,
East New York,11.2,12.1,9.2,12.8,,
Sunset Park,13.5,9.8,7.4,16.4,,
Borough Park,11.9,15.2,11.3,14.8,,
East Flatbush - Flatbush,16,22.1,14.6,21.8,,
Canarsie - Flatlands,6.8,7.6,4.8,10.8,,
Bensonhurst - Bay Ridge,8.4,10.7,6.3,11.4,,
Coney Island - Sheepshead Bay,7.7,9.2,5.9,9.6,,
Williamsburg - Bushwick,13.2,13.8,11.3,14.2,,
Washington Heights,17.6,31.2,18.4,23.8,,
Central Harlem - Morningside Heights,19.6,22.1,11.5,21.4,,
East Harlem,10.8,16.6,6.5,22.5,,
Upper West Side,20.5,18.2,11.8,14.2,,
Upper East Side,11.8,9.9,9.9,9.7,,
Chelsea - Clinton,14.5,14,9.1,9.5,,
Gramercy Park - Murray Hill,9.9,12.6,7.5,10.9,,
Greenwich Village - SoHo,18,20.4,7.8,11.4,,
Union Square - Lower East Side,24.2,19.7,16.9,16.7,,
Lower Manhattan,18.8,20.5,8.8,12,,
Long Island City - Astoria,11.6,11.9,15.7,17.4,,
West Queens,11,8.9,8,11,,
Flushing - Clearview,6.8,4.9,8.8,5.4,,
Bayside - Little Neck,5.4,6.7,6.8,4.3,,
Ridgewood - Forest Hills,9.5,10.8,9,11.5,,
Fresh Meadows,12.4,12.4,6.3,11.6,,
Southwest Queens,3.4,5.7,4.7,6.5,,
Jamaica,7.9,7.8,3.5,8.4,,
Southeast Queens,4.2,7.6,6.7,10.8,,
Rockaways,4.7,1.3,2.9,2.1,,
Port Richmond,6.4,3.5,3.7,3.6,,
Stapleton - St. George,4.8,2.9,2.6,3.2,,
Willowbrook,3.2,2.3,1.4,2.8,,
South Beach - Tottenville,0.6,0.9,0.1,0.4,,
