indicator_id,IndicatorName,Measure,How_Calculated,SourceName,SourceDescription,
276,New York Harbor Water Quality,Dissolved Oxygen Rate,The annual average dissolved oxygen concentration (mg/L) across Harbor Survey stations. There is a NYS standard of 5.0mg/L necessary to allow bathing; in addition to a less stringent standard to allow fishing and boating. A higher number indicates a cleaner harbor.,NY Harbor Survey,New York Harbor Water Quality Survey,

NYC Department of Health and Mental Hygiene
Environment & Health Data Portal
Available at: http://nyc.gov/health/tracking Accessed 09/25/2014
