
"Pre-1950 Homes", ,
 ,Number,,Percent,,
Row Labels,2000,,2000,,
Borough,
Bronx,214703,,43.8,,
Brooklyn,544649,,58.5,,
Manhattan,438824,,55,,
Queens,401821,,49.2,,
Staten Island,42101,,25.7,,

 ,Number,,Percent,,
Row Labels,2000,,2000,,
Subboro,
Bronx,15132,,33.2,,
Brooklyn,16966,,33.8,,
Manhattan,23188,,50.7,,
Queens,21546,,48.2,,
Staten Island,28749,,60.6,,
Riverdale/Kingsbridge,19524,,41.3,,
Soundview/Parkchester,29731,,44.9,,
Throgs Neck/Co-op City,14291,,29.4,,
Pelham Parkway,24322,,51.9,,
Williamsbridge/Baychester,22582,,44.2,,
Williamsburg/Greenpoint,34338,,64.9,,
Brooklyn Heights/Fort Greene,36169,,68.7,,
Bedford Stuyvesant,27294,,55.9,,
Bushwick,22578,,57.4,,
East New York/Starret City,19377,,38.5,,
Park Slope/Carroll Gardens,41524,,83.4,,
Sunset Park,33548,,72.1,,
N. Crown Heights/Prospect Heights,31766,,62.5,,
South Crown Heights,25427,,60.9,,
Bay Ridge,36638,,70.3,,
Bensonhurst,45015,,68.7,,
Borough Park,34287,,67,,
Coney Island,15939,,33.1,,
Flatbush,38426,,65.4,,
Sheepshead Bay/Gravesend,31074,,52.2,,
Brownsville/Ocean Hill,14661,,34.8,,
East Flatbush,30167,,59,,
Flatlands/Canarsie,26421,,38.1,,
Greenwich Village/Financial District,45858,,62.1,,
Lower East Side/Chinatown,42153,,57.8,,
Chelsea/Clinton/Midtown,44103,,55.6,,
Stuyvesant Town/Turtle Bay,43219,,44.9,,
Upper West Side,73879,,65,,
Upper East Side,58079,,42.7,,
Morningside Heights/Hamilton Heights,33776,,66.1,,
Central Harlem,27863,,51.2,,
East Harlem,16114,,36.1,,
Washington Heights/Inwood,52452,,71.6,,
Astoria,48148,,61.7,,
Sunnyside/Woodside,28466,,56.3,,
Jackson Heights,29655,,51.5,,
Elmhurst/Corona,16562,,37,,
Middle Village/Ridgewood,45156,,68.9,,
Forest Hills/Rego Park,27151,,50.1,,
Flushing/Whitestone,33609,,36.4,,
Hillcrest/Fresh Meadows,25118,,44.5,,
Kew Gardens/Woodhaven,31327,,64.5,,
Howard Beach/South Ozone Park,20085,,46.9,,
Bayside/Little Neck,19271,,41.9,,
Jamaica,32828,,44.4,,
Bellerose/Rosedale,31144,,48,,
Rockaways,13301,,31.9,,
North Shore,26606,,43.6,,
Mid Island,8886,,18.6,,
South Shore,6609,,11.9,,

 ,Number,,Percent,,
Row Labels,2000,,2000,,
UHF42,
Kingsbridge - Riverdale,14782,,38,,
Northeast Bronx,25010,,34.6,,
Fordham - Bronx Pk,49818,,55.1,,
Pelham - Throgs Neck,53298,,46.7,,
Crotona -Tremont,30086,,43.8,,
High Bridge - Morrisania,28503,,43.1,,
Hunts Point - Mott Haven,14534,,33.7,,
Greenpoint,32173,,69.6,,
Downtown - Heights - Slope,75163,,77,,
Bedford Stuyvesant - Crown Heights,70709,,55.2,,
East New York,25308,,43.3,,
Sunset Park,27749,,71.9,,
Borough Park,76418,,67.4,,
East Flatbush - Flatbush,69973,,62.9,,
Canarsie - Flatlands,23699,,32.6,,
Bensonhurst - Bay Ridge,53662,,66.1,,
Coney Island - Sheepshead Bay,54793,,47.4,,
Williamsburg - Bushwick,35002,,51.6,,
Washington Heights,68317,,70.6,,
Central Harlem - Morningside Heights,36720,,51.6,,
East Harlem,14486,,35.3,,
Upper West Side,84654,,67.1,,
Upper East Side,58193,,42.7,,
Chelsea - Clinton,45000,,56.3,,
Gramercy Park - Murray Hill,34635,,40.5,,
Greenwich Village - SoHo,34430,,72.7,,
Union Square - Lower East Side,55814,,59,,
Lower Manhattan,5247,,32.6,,
Long Island City - Astoria,58458,,64.7,,
West Queens,74155,,47.3,,
Flushing - Clearview,36207,,37.3,,
Bayside - Little Neck,13796,,39,,
Ridgewood - Forest Hills,62502,,60.5,,
Fresh Meadows,15623,,43.2,,
Southwest Queens,51328,,56.4,,
Jamaica,43523,,44.6,,
Southeast Queens,32928,,48.5,,
Rockaways,13301,,31.9,,
Port Richmond,10854,,48.5,,
Stapleton - St. George,16102,,36.2,,
Willowbrook,4689,,15,,
South Beach - Tottenville,10456,,15.9,,

 ,Number,,Percent,,
Row Labels,2000,,2000,,
UHF34,
Kingsbridge - Riverdale,14782,,38,,
Northeast Bronx,25010,,34.6,,
Fordham - Bronx Pk,49818,,55.1,,
Pelham - Throgs Neck,53298,,46.7,,
Greenpoint,32173,,69.6,,
Downtown - Heights - Slope,75163,,77,,
Bedford Stuyvesant - Crown Heights,70709,,55.2,,
East New York,25308,,43.3,,
Sunset Park,27749,,71.9,,
Borough Park,76418,,67.4,,
East Flatbush - Flatbush,69973,,62.9,,
Canarsie - Flatlands,23699,,32.6,,
Bensonhurst - Bay Ridge,53662,,66.1,,
Coney Island - Sheepshead Bay,54793,,47.4,,
Williamsburg - Bushwick,35002,,51.6,,
Washington Heights,68317,,70.6,,
Central Harlem - Morningside Heights,36720,,51.6,,
East Harlem,14486,,35.3,,
Upper West Side,84654,,67.1,,
Long Island City - Astoria,58458,,64.7,,
West Queens,74155,,47.3,,
Flushing - Clearview,36207,,37.3,,
Ridgewood - Forest Hills,62502,,60.5,,
Southwest Queens,51328,,56.4,,
Jamaica,43523,,44.6,,
Southeast Queens,32928,,48.5,,
Rockaways,13301,,31.9,,
Upper East Side-Gramercy,92828,,41.8,,
Chelsea-Village  ,79430,,62.4,,
Union Square-Lower Manhattan,61061,,55.2,,
Bayside Little Neck-Fresh Meadows,29419,,41.1,,
Northern SI,26956,,40.3,,
Southern SI,15145,,15.6,,
South Bronx,73123,,41.1,,

 ,Number,,Percent,,
Row Labels,2000,,2000,,
Citywide,
Bronx,1642098,,51.3,,

"Pre-1960 Homes with Peeling Paint", ,
 ,Number,,Percent,,
Row Labels,2011,,2011,,
Borough,
Bronx,70785,,17.3,,
Brooklyn,121710,,15,,
Manhattan,94159,,15.1,,
Queens,60932,,9.6,,
Staten Island,3084,,2,,

 ,Number,,Percent,,
Row Labels,2011,,2011,,
Subboro,
Bronx,6513,,15.9,,
Brooklyn,9510,,20.5,,
Manhattan,10355,,23.8,,
Queens,7675,,20.3,,
Staten Island,10471,,26.6,,
Riverdale/Kingsbridge,5625,,15.4,,
Soundview/Parkchester,8599,,16.7,,
Throgs Neck/Co-op City,2794,,7.9,,
Pelham Parkway,3119,,7.9,,
Williamsbridge/Baychester,6125,,15.6,,
Williamsburg/Greenpoint,5821,,11.7,,
Brooklyn Heights/Fort Greene,7417,,15.9,,
Bedford Stuyvesant,5721,,12.9,,
Bushwick,6207,,16,,
East New York/Starret City,4815,,10.9,,
Park Slope/Carroll Gardens,9597,,23.5,,
Sunset Park,6619,,16.7,,
N. Crown Heights/Prospect Heights,7860,,18.9,,
South Crown Heights,9531,,24.6,,
Bay Ridge,6091,,14.2,,
Bensonhurst,5202,,8.3,,
Borough Park,5137,,12.7,,
Coney Island,4129,,8.7,,
Flatbush,11701,,23.6,,
Sheepshead Bay/Gravesend,5266,,10.5,,
Brownsville/Ocean Hill,7135,,19.1,,
East Flatbush,7708,,19.9,,
Flatlands/Canarsie,5754,,10.2,,
Greenwich Village/Financial District,7361,,11.1,,
Lower East Side/Chinatown,11865,,19,,
Chelsea/Clinton/Midtown,5973,,9.3,,
Stuyvesant Town/Turtle Bay,8138,,11,,
Upper West Side,10114,,13,,
Upper East Side,9889,,9.7,,
Morningside Heights/Hamilton Heights,8973,,23.4,,
Central Harlem,8430,,20.8,,
East Harlem,8602,,22.6,,
Washington Heights/Inwood,14812,,23.9,,
Astoria,10947,,18.1,,
Sunnyside/Woodside,6212,,14.3,,
Jackson Heights,5130,,11.8,,
Elmhurst/Corona,2280,,6,,
Middle Village/Ridgewood,6122,,12.4,,
Forest Hills/Rego Park,4047,,10.6,,
Flushing/Whitestone,4261,,5.5,,
Hillcrest/Fresh Meadows,5918,,12.6,,
Kew Gardens/Woodhaven,2927,,8,,
Howard Beach/South Ozone Park,1593,,4.9,,
Bayside/Little Neck,1543,,4.3,,
Jamaica,3703,,6.9,,
Bellerose/Rosedale,5599,,11,,
Rockaways,650,,2.1,,
North Shore,2010,,3.6,,
Mid Island,1074,,2.4,,
South Shore,0,,0,,

 ,Percent,,
Row Labels,2011,,
UHF42,
Kingsbridge - Riverdale,16.2,,
Northeast Bronx,12.4,,
Fordham - Bronx Pk,20.8,,
Pelham - Throgs Neck,12.8,,
Crotona -Tremont,20.1,,
High Bridge - Morrisania,22.1,,
Hunts Point - Mott Haven,16.4,,
Greenpoint,11.7,,
Downtown - Heights - Slope,19.6,,
Bedford Stuyvesant - Crown Heights,18.2,,
East New York,12.8,,
Sunset Park,16.4,,
Borough Park,14.8,,
East Flatbush - Flatbush,21.8,,
Canarsie - Flatlands,10.8,,
Bensonhurst - Bay Ridge,11.4,,
Coney Island - Sheepshead Bay,9.6,,
Williamsburg - Bushwick,14.2,,
Washington Heights,23.8,,
Central Harlem - Morningside Heights,21.4,,
East Harlem,22.5,,
Upper West Side,14.2,,
Upper East Side,9.7,,
Chelsea - Clinton,9.5,,
Gramercy Park - Murray Hill,10.9,,
Greenwich Village - SoHo,11.4,,
Union Square - Lower East Side,16.7,,
Lower Manhattan,12,,
Long Island City - Astoria,17.4,,
West Queens,11,,
Flushing - Clearview,5.4,,
Bayside - Little Neck,4.3,,
Ridgewood - Forest Hills,11.5,,
Fresh Meadows,11.6,,
Southwest Queens,6.5,,
Jamaica,8.4,,
Southeast Queens,10.8,,
Rockaways,2.1,,
Port Richmond,3.6,,
Stapleton - St. George,3.2,,
Willowbrook,2.8,,
South Beach - Tottenville,0.4,,

 ,Number,,Percent,,
Row Labels,2011,,2011,,
Citywide,
Bronx,350670,,13.3,,

"Children < 5 Years Old Living in Poverty", ,
 ,Number,,Percent,,
Row Labels,2000,,2000,,
Borough,
Bronx,34379,,39.9,,
Brooklyn,48203,,33.7,,
Manhattan,16024,,25.3,,
Queens,20945,,17.9,,
Staten Island,3050,,13.1,,

 ,Number,,Percent,,
Row Labels,2000,,2000,,
UHF42,
Kingsbridge - Riverdale,929,,21.5,,
Northeast Bronx,2122,,21.3,,
Fordham - Bronx Pk,7818,,42,,
Pelham - Throgs Neck,5026,,29.6,,
Crotona -Tremont,7316,,48.5,,
High Bridge - Morrisania,6774,,49.9,,
Hunts Point - Mott Haven,4551,,54.8,,
Greenpoint,3621,,48.1,,
Downtown - Heights - Slope,2509,,24.8,,
Bedford Stuyvesant - Crown Heights,8379,,41.5,,
East New York,5057,,42.8,,
Sunset Park,2694,,36,,
Borough Park,6411,,33,,
East Flatbush - Flatbush,5631,,28.6,,
Canarsie - Flatlands,1846,,17.1,,
Bensonhurst - Bay Ridge,1792,,19.5,,
Coney Island - Sheepshead Bay,3677,,28.7,,
Williamsburg - Bushwick,6586,,47.6,,
Washington Heights,5602,,36.4,,
Central Harlem - Morningside Heights,3567,,43.6,,
East Harlem,2668,,45.6,,
Upper West Side,802,,9.3,,
Upper East Side,391,,4.7,,
Chelsea - Clinton,390,,14.9,,
Gramercy Park - Murray Hill,192,,5.5,,
Greenwich Village - SoHo,228,,9.8,,
Union Square - Lower East Side,1786,,26.1,,
Lower Manhattan,241,,19.4,,
Long Island City - Astoria,2899,,26.3,,
West Queens,5421,,21.4,,
Flushing - Clearview,1707,,14.6,,
Bayside - Little Neck,256,,7.2,,
Ridgewood - Forest Hills,1847,,15.6,,
Fresh Meadows,671,,12.8,,
Southwest Queens,2404,,15.7,,
Jamaica,3007,,19,,
Southeast Queens,986,,7.4,,
Rockaways,1792,,28.1,,
Port Richmond,870,,22.7,,
Stapleton - St. George,1419,,22.2,,
Willowbrook,272,,6.7,,
South Beach - Tottenville,489,,5.4,,

 ,Number,,Percent,,
Row Labels,2000,,2000,,
UHF34,
Kingsbridge - Riverdale,929,,21.5,,
Northeast Bronx,2122,,21.3,,
Fordham - Bronx Pk,7818,,42,,
Pelham - Throgs Neck,5026,,29.6,,
Greenpoint,3621,,48.1,,
Downtown - Heights - Slope,2509,,24.8,,
Bedford Stuyvesant - Crown Heights,8379,,41.5,,
East New York,5057,,42.8,,
Sunset Park,2694,,36,,
Borough Park,6411,,33,,
East Flatbush - Flatbush,5631,,28.6,,
Canarsie - Flatlands,1846,,17.1,,
Bensonhurst - Bay Ridge,1792,,19.5,,
Coney Island - Sheepshead Bay,3677,,28.7,,
Williamsburg - Bushwick,6586,,47.6,,
Washington Heights,5602,,36.4,,
Central Harlem - Morningside Heights,3567,,43.6,,
East Harlem,2668,,45.6,,
Upper West Side,802,,9.3,,
Long Island City - Astoria,2899,,26.3,,
West Queens,5421,,21.4,,
Flushing - Clearview,1707,,14.6,,
Ridgewood - Forest Hills,1847,,15.6,,
Southwest Queens,2404,,15.7,,
Jamaica,3007,,19,,
Southeast Queens,986,,7.4,,
Rockaways,1792,,28.1,,
Upper East Side-Gramercy,583,,4.9,,
Chelsea-Village  ,618,,12.5,,
Union Square-Lower Manhattan,2027,,25.1,,
Bayside Little Neck-Fresh Meadows,927,,10.6,,
Northern SI,2289,,22.4,,
Southern SI,761,,5.8,,
South Bronx,18641,,50.4,,

 ,Number,,Percent,,
Row Labels,2000,,2000,,
Citywide,
Bronx,122601,,28.3,,

"Elevated (&ge;10 µg/dL) Blood Lead Levels ", ,
 ,Rate,,Number,,
Row Labels,2012,,2012,,
Borough,
Bronx,2.3,,150,,
Brooklyn,3.6,,410,,
Manhattan,2,,86,,
Queens,2.4,,213,,
Staten Island,2.6,,38,,

 ,Rate,,Number,,
Row Labels,2012,,2012,,
UHF42,
Kingsbridge - Riverdale,1.8,,6,,
Northeast Bronx,2.7,,18,,
Fordham - Bronx Pk,2.7,,35,,
Pelham - Throgs Neck,1.4,,17,,
Crotona -Tremont,2.3,,26,,
High Bridge - Morrisania,2.6,,31,,
Hunts Point - Mott Haven,2.1,,17,,
Greenpoint,11.7,,57,,
Downtown - Heights - Slope,3,,23,,
Bedford Stuyvesant - Crown Heights,3.5,,52,,
East New York,2.1,,22,,
Sunset Park,1.9,,17,,
Borough Park,5.4,,91,,
East Flatbush - Flatbush,1.9,,26,,
Canarsie - Flatlands,1.8,,13,,
Bensonhurst - Bay Ridge,4.2,,29,,
Coney Island - Sheepshead Bay,3.7,,39,,
Williamsburg - Bushwick,3.7,,41,,
Washington Heights,1.9,,20,,
Central Harlem - Morningside Heights,1.6,,10,,
East Harlem,1.4,,6,,
Upper West Side,3.1,,15,,
Upper East Side,1.3,,6,,
Chelsea - Clinton,3.3,,7,,
Gramercy Park - Murray Hill,2.5,,5,,
Greenwich Village - SoHo,3.2,,5,,
Union Square - Lower East Side,2.4,,11,,
Lower Manhattan,0.6,,1,,
Long Island City - Astoria,2,,14,,
West Queens,2.5,,59,,
Flushing - Clearview,1.8,,15,,
Bayside - Little Neck,1.4,,3,,
Ridgewood - Forest Hills,2,,19,,
Fresh Meadows,2.3,,9,,
Southwest Queens,3.2,,36,,
Jamaica,2.1,,29,,
Southeast Queens,2.8,,17,,
Rockaways,2.4,,12,,
Port Richmond,3.9,,13,,
Stapleton - St. George,3.7,,18,,
Willowbrook,2.5,,6,,
South Beach - Tottenville,0.2,,1,,

 ,Rate,,Number,,
Row Labels,2012,,2012,,
Citywide,
Bronx,2.7,,897,,

"Blood Lead Testing in 1 and 2 Year Olds", ,
 ,Number,,Percent,,
Row Labels,2007,,2007,,
Borough,
Bronx,35040,,80,,
Brooklyn,50002,,70,,
Manhattan,23032,,78,,
Queens,38824,,69,,
Staten Island,7448,,64,,

 ,Number,,Percent,,
Row Labels,2007,,2007,,
UHF42,
Kingsbridge - Riverdale,1415,,68,,
Northeast Bronx,3640,,72,,
Fordham - Bronx Pk,6879,,77,,
Pelham - Throgs Neck,6107,,74,,
Crotona -Tremont,6227,,79,,
High Bridge - Morrisania,6214,,88,,
Hunts Point - Mott Haven,3982,,88,,
Greenpoint,2608,,62,,
Downtown - Heights - Slope,3802,,78,,
Bedford Stuyvesant - Crown Heights,6977,,70,,
East New York,4707,,78,,
Sunset Park,2918,,78,,
Borough Park,6182,,57,,
East Flatbush - Flatbush,6246,,67,,
Canarsie - Flatlands,3294,,63,,
Bensonhurst - Bay Ridge,3018,,70,,
Coney Island - Sheepshead Bay,4269,,68,,
Williamsburg - Bushwick,4892,,70,,
Washington Heights,5315,,74,,
Central Harlem - Morningside Heights,3055,,77,,
East Harlem,2543,,88,,
Upper West Side,3080,,75,,
Upper East Side,2454,,60,,
Chelsea - Clinton,1167,,84,,
Gramercy Park - Murray Hill,1209,,85,,
Greenwich Village - SoHo,755,,71,,
Union Square - Lower East Side,2402,,77,,
Lower Manhattan,518,,97,,
Long Island City - Astoria,3222,,63,,
West Queens,9404,,77,,
Flushing - Clearview,3549,,61,,
Bayside - Little Neck,961,,57,,
Ridgewood - Forest Hills,3851,,71,,
Fresh Meadows,1591,,67,,
Southwest Queens,4869,,65,,
Jamaica,5581,,71,,
Southeast Queens,2824,,58,,
Rockaways,2214,,69,,
Port Richmond,1564,,80,,
Stapleton - St. George,2304,,74,,
Willowbrook,1230,,61,,
South Beach - Tottenville,2230,,48,,

 ,Number,,Percent,,
Row Labels,2007,,2007,,
Citywide,
Bronx,154466,,72,,

"Elevated (&ge; 5 µg/dL) Blood Lead Levels ", ,
 ,Rate,,Number,,Num. children < 6 w/ blood lead levels >= 5 mcg/dL,,Perc. children < 6 w/blood lead levels >= 5 mcg/dL,,Num. children < 6 w/blood lead levels 5-9 mcg/dL,,Rate children < 6 w/blood lead levels 5-9 mcg/dL,,Num. children < 6 w/blood lead levels >= 10 mcg/dL,,Rate children < 6 w/blood lead levels >= 10 mcg/dL,,
Row Labels,2012,,2012,,2014,,2014,,2014,,2014,,2014,,2014,,
Borough,
Bronx,20.9,,1396,,1186,,1.9,,1009,,15.9,,177,,2.8,,
Brooklyn,35.3,,4017,,2929,,2.7,,2517,,23,,412,,3.8,,
Manhattan,15.3,,654,,539,,1.4,,471,,12.3,,68,,1.8,,
Queens,20.6,,1864,,1658,,1.9,,1387,,15.5,,271,,3,,
Staten Island,16.8,,246,,238,,1.7,,207,,14.8,,31,,2.2,,

 ,Rate,,Number,,Num. children < 6 w/ blood lead levels >= 5 mcg/dL,,Perc. children < 6 w/blood lead levels >= 5 mcg/dL,,Num. children < 6 w/blood lead levels 5-9 mcg/dL,,Rate children < 6 w/blood lead levels 5-9 mcg/dL,,Num. children < 6 w/blood lead levels >= 10 mcg/dL,,Rate children < 6 w/blood lead levels >= 10 mcg/dL,,
Row Labels,2012,,2012,,2014,,2014,,2014,,2014,,2014,,2014,,
UHF42,
Kingsbridge - Riverdale,9.8,,33,,33,,1,,29,,9,,,,1.2,,
Northeast Bronx,19.7,,130,,115,,1.9,,94,,15.2,,21,,3.4,,
Fordham - Bronx Pk,27,,348,,281,,2.2,,233,,18.4,,48,,3.8,,
Pelham - Throgs Neck,16.1,,193,,200,,1.8,,168,,15,,32,,2.9,,
Crotona -Tremont,22.8,,260,,191,,1.8,,163,,15,,28,,2.6,,
High Bridge - Morrisania,22.8,,273,,222,,1.9,,189,,16.4,,33,,2.9,,
Hunts Point - Mott Haven,18,,148,,141,,1.9,,130,,17.5,,11,,1.5,,
Greenpoint,80.9,,394,,229,,5.6,,206,,50.5,,23,,5.6,,
Downtown - Heights - Slope,28.4,,217,,144,,1.9,,126,,17,,18,,2.4,,
Bedford Stuyvesant - Crown Heights,32.1,,477,,368,,2.7,,318,,23.2,,50,,3.6,,
East New York,26.4,,279,,220,,2.2,,180,,17.7,,40,,3.9,,
Sunset Park,24.7,,225,,161,,1.8,,144,,15.7,,17,,1.9,,
Borough Park,52.6,,887,,702,,4.1,,601,,35.2,,101,,5.9,,
East Flatbush - Flatbush,33.6,,450,,304,,2.5,,266,,21.9,,38,,3.1,,
Canarsie - Flatlands,17.4,,129,,97,,1.3,,89,,12.2,,8,,1.1,,
Bensonhurst - Bay Ridge,23.5,,163,,167,,2.3,,132,,18,,35,,4.8,,
Coney Island - Sheepshead Bay,35.6,,374,,262,,2.5,,220,,20.7,,42,,3.9,,
Williamsburg - Bushwick,37.2,,417,,271,,2.7,,231,,23.3,,40,,4,,
Washington Heights,16.9,,179,,144,,1.5,,122,,12.8,,22,,2.3,,
Central Harlem - Morningside Heights,15.4,,94,,88,,1.6,,79,,14.3,,9,,1.6,,
East Harlem,15.1,,63,,66,,1.7,,59,,15.6,,7,,1.9,,
Upper West Side,14.1,,68,,54,,1.2,,50,,11,,,,0.9,,
Upper East Side,10.7,,51,,35,,0.8,,32,,7.6,,,,0.7,,
Chelsea - Clinton,17.4,,37,,24,,1.4,,23,,13.8,,,,0.6,,
Gramercy Park - Murray Hill,13.3,,27,,13,,0.7,,9,,5.1,,,,2.3,,
Greenwich Village - SoHo,21.4,,34,,37,,2.8,,30,,22.7,,7,,5.3,,
Union Square - Lower East Side,17.9,,82,,59,,1.5,,51,,13,,8,,2,,
Lower Manhattan,10.6,,17,,9,,0.7,,6,,4.3,,,,2.2,,
Long Island City - Astoria,23.4,,162,,136,,2,,118,,17.5,,18,,2.7,,
West Queens,22.6,,529,,473,,2.1,,399,,17.8,,74,,3.3,,
Flushing - Clearview,13.5,,114,,119,,1.3,,102,,11.6,,17,,1.9,,
Bayside - Little Neck,5,,11,,9,,0.4,,7,,3.2,,,,0.9,,
Ridgewood - Forest Hills,20.5,,193,,167,,1.8,,144,,15.2,,23,,2.4,,
Fresh Meadows,13.6,,54,,45,,1.1,,38,,9.2,,7,,1.7,,
Southwest Queens,23.2,,262,,238,,2.2,,187,,17,,51,,4.6,,
Jamaica,24.3,,330,,282,,2.1,,228,,16.9,,54,,4,,
Southeast Queens,19.3,,119,,97,,1.6,,84,,13.9,,13,,2.1,,
Rockaways,17.1,,85,,88,,1.8,,76,,15.5,,12,,2.4,,
Port Richmond,29.2,,98,,100,,3.3,,84,,27.8,,16,,5.3,,
Stapleton - St. George,20.1,,97,,96,,2.1,,85,,18.4,,11,,2.4,,
Willowbrook,11.2,,27,,16,,0.7,,14,,6.2,,,,0.9,,
South Beach - Tottenville,5.9,,24,,26,,0.6,,24,,5.8,,,,0.5,,

 ,Rate,,Number,,Num. children < 6 w/ blood lead levels >= 5 mcg/dL,,Perc. children < 6 w/blood lead levels >= 5 mcg/dL,,Num. children < 6 w/blood lead levels 5-9 mcg/dL,,Rate children < 6 w/blood lead levels 5-9 mcg/dL,,Num. children < 6 w/blood lead levels >= 10 mcg/dL,,Rate children < 6 w/blood lead levels >= 10 mcg/dL,,
Row Labels,2012,,2012,,2014,,2014,,2014,,2014,,2014,,2014,,
Citywide,
Bronx,24.9,,8179,,6550,,2.1,,5591,,17.8,,959,,3,,

"Elevated Blood Lead Levels", ,
 ,Num. children < 6 w/ blood lead levels >= 5 mcg/dL,,Perc. children < 6 w/blood lead levels >= 5 mcg/dL,,Num. children < 6 w/blood lead levels 5-9 mcg/dL,,Rate children < 6 w/blood lead levels 5-9 mcg/dL,,Num. children < 6 w/blood lead levels >= 10 mcg/dL,,Rate children < 6 w/blood lead levels >= 10 mcg/dL,,
Row Labels,2014,,2014,,2014,,2014,,2014,,2014,,
Borough,
Bronx,1186,,1.9,,1009,,15.9,,177,,2.8,,
Brooklyn,2929,,2.7,,2517,,23,,412,,3.8,,
Manhattan,539,,1.4,,471,,12.3,,68,,1.8,,
Queens,1658,,1.9,,1387,,15.5,,271,,3,,
Staten Island,238,,1.7,,207,,14.8,,31,,2.2,,

 ,Num. children < 6 w/ blood lead levels >= 5 mcg/dL,,Perc. children < 6 w/blood lead levels >= 5 mcg/dL,,Num. children < 6 w/blood lead levels 5-9 mcg/dL,,Rate children < 6 w/blood lead levels 5-9 mcg/dL,,Num. children < 6 w/blood lead levels >= 10 mcg/dL,,Rate children < 6 w/blood lead levels >= 10 mcg/dL,,
Row Labels,2014,,2014,,2014,,2014,,2014,,2014,,
UHF42,
Kingsbridge - Riverdale,33,,1,,29,,9,,,,1.2,,
Northeast Bronx,115,,1.9,,94,,15.2,,21,,3.4,,
Fordham - Bronx Pk,281,,2.2,,233,,18.4,,48,,3.8,,
Pelham - Throgs Neck,200,,1.8,,168,,15,,32,,2.9,,
Crotona -Tremont,191,,1.8,,163,,15,,28,,2.6,,
High Bridge - Morrisania,222,,1.9,,189,,16.4,,33,,2.9,,
Hunts Point - Mott Haven,141,,1.9,,130,,17.5,,11,,1.5,,
Greenpoint,229,,5.6,,206,,50.5,,23,,5.6,,
Downtown - Heights - Slope,144,,1.9,,126,,17,,18,,2.4,,
Bedford Stuyvesant - Crown Heights,368,,2.7,,318,,23.2,,50,,3.6,,
East New York,220,,2.2,,180,,17.7,,40,,3.9,,
Sunset Park,161,,1.8,,144,,15.7,,17,,1.9,,
Borough Park,702,,4.1,,601,,35.2,,101,,5.9,,
East Flatbush - Flatbush,304,,2.5,,266,,21.9,,38,,3.1,,
Canarsie - Flatlands,97,,1.3,,89,,12.2,,8,,1.1,,
Bensonhurst - Bay Ridge,167,,2.3,,132,,18,,35,,4.8,,
Coney Island - Sheepshead Bay,262,,2.5,,220,,20.7,,42,,3.9,,
Williamsburg - Bushwick,271,,2.7,,231,,23.3,,40,,4,,
Washington Heights,144,,1.5,,122,,12.8,,22,,2.3,,
Central Harlem - Morningside Heights,88,,1.6,,79,,14.3,,9,,1.6,,
East Harlem,66,,1.7,,59,,15.6,,7,,1.9,,
Upper West Side,54,,1.2,,50,,11,,,,0.9,,
Upper East Side,35,,0.8,,32,,7.6,,,,0.7,,
Chelsea - Clinton,24,,1.4,,23,,13.8,,,,0.6,,
Gramercy Park - Murray Hill,13,,0.7,,9,,5.1,,,,2.3,,
Greenwich Village - SoHo,37,,2.8,,30,,22.7,,7,,5.3,,
Union Square - Lower East Side,59,,1.5,,51,,13,,8,,2,,
Lower Manhattan,9,,0.7,,6,,4.3,,,,2.2,,
Long Island City - Astoria,136,,2,,118,,17.5,,18,,2.7,,
West Queens,473,,2.1,,399,,17.8,,74,,3.3,,
Flushing - Clearview,119,,1.3,,102,,11.6,,17,,1.9,,
Bayside - Little Neck,9,,0.4,,7,,3.2,,,,0.9,,
Ridgewood - Forest Hills,167,,1.8,,144,,15.2,,23,,2.4,,
Fresh Meadows,45,,1.1,,38,,9.2,,7,,1.7,,
Southwest Queens,238,,2.2,,187,,17,,51,,4.6,,
Jamaica,282,,2.1,,228,,16.9,,54,,4,,
Southeast Queens,97,,1.6,,84,,13.9,,13,,2.1,,
Rockaways,88,,1.8,,76,,15.5,,12,,2.4,,
Port Richmond,100,,3.3,,84,,27.8,,16,,5.3,,
Stapleton - St. George,96,,2.1,,85,,18.4,,11,,2.4,,
Willowbrook,16,,0.7,,14,,6.2,,,,0.9,,
South Beach - Tottenville,26,,0.6,,24,,5.8,,,,0.5,,

 ,Num. children < 6 w/ blood lead levels >= 5 mcg/dL,,Perc. children < 6 w/blood lead levels >= 5 mcg/dL,,Num. children < 6 w/blood lead levels 5-9 mcg/dL,,Rate children < 6 w/blood lead levels 5-9 mcg/dL,,Num. children < 6 w/blood lead levels >= 10 mcg/dL,,Rate children < 6 w/blood lead levels >= 10 mcg/dL,,
Row Labels,2014,,2014,,2014,,2014,,2014,,2014,,
Citywide,
Bronx,6550,,2.1,,5591,,17.8,,959,,3,,
