indicator_id,IndicatorName,Measure,How_Calculated,SourceName,SourceDescription,
26,Pre-1950 Homes,Number,Number of housing units built before 1950.,US Census,United States Census,
27,Pre-1950 Homes,Percent,Number of housing units built before 1950; divided by all housing units; expressed as percent.    ,US Census,United States Census,
77,Pre-1960 Homes with Peeling Paint,Number,Estimated number of households in an area that were built before 1960 and had peeling paint.,NYC HVS,New York City Housing and Vacancy Survey (HVS),
78,Pre-1960 Homes with Peeling Paint,Percent,Estimated number of households in an area that were built before 1960 and had peeling paint; divided by the total number of households in the area; expressed as percent.,NYC HVS,New York City Housing and Vacancy Survey (HVS),
421,Children < 5 Years Old Living in Poverty,Number,Number of children less than 5 years of age living in poverty in a geographic area.,US Census,United States Census,
422,Children < 5 Years Old Living in Poverty,Percent,Number of children less than 5 years of age living in poverty in a geographic area divided by the number of children less than 5 years of age living in a geographic area.,US Census,United States Census,
98,Elevated (&ge;10 µg/dL) Blood Lead Levels ,Rate,Number of children 6 months to less than 6 years old with newly identified blood lead levels of 10 µg/dL or higher; divided by the number of children 6 months to less than 6 years old who were tested in a given year; expressed as cases per 1;000 tested.,NYC LPPP,New York City Lead Poisoning Prevention Program (LPPP),
97,Elevated (&ge;10 µg/dL) Blood Lead Levels ,Number,Number of children 6 months to less than 6 years old with newly identified blood lead levels of 10 µg/dL or higher. ,NYC LPPP,New York City Lead Poisoning Prevention Program (LPPP),
105,Blood Lead Testing in 1 and 2 Year Olds,Number,Number of 1 and 2 year old children who were tested for lead poisoning (at any point during a given year).,NYC LPPP,New York City Lead Poisoning Prevention Program (LPPP),
106,Blood Lead Testing in 1 and 2 Year Olds,Percent,Number of 1 and 2 year old children who were tested for lead poisoning (at any point during a given year); divided by the number of 1 and 2 year old children according to Census 2000; expressed as percent.,NYC LPPP,New York City Lead Poisoning Prevention Program (LPPP),
627,Elevated (&ge; 5 µg/dL) Blood Lead Levels ,Rate,Number of children less than 6 years old with blood lead levels of 5 µg/dL or higher; divided by the number of children less than 6 years old who were tested in a given year; expressed as cases per 1;000 tested.,NYC LPPP,New York City Lead Poisoning Prevention Program (LPPP),
626,Elevated (&ge; 5 µg/dL) Blood Lead Levels ,Number,Number of children less than 6 years old with blood lead levels of 5 µg/dL or higher. ,NYC LPPP,New York City Lead Poisoning Prevention Program (LPPP),
770,Elevated (&ge; 5 µg/dL) Blood Lead Levels ,Num. children < 6 w/ blood lead levels >= 5 mcg/dL,num ge 5,NYC DOHMH population estimates,New York City DOHMH population estimates; modified from US Census Bureau intercensal population estimates; updated July 22; 2013,
771,Elevated (&ge; 5 µg/dL) Blood Lead Levels ,Perc. children < 6 w/blood lead levels >= 5 mcg/dL,pct ge 5,NYC DOHMH population estimates,New York City DOHMH population estimates; modified from US Census Bureau intercensal population estimates; updated July 22; 2013,
768,Elevated (&ge; 5 µg/dL) Blood Lead Levels ,Num. children < 6 w/blood lead levels 5-9 mcg/dL,num 5-9,,,
773,Elevated (&ge; 5 µg/dL) Blood Lead Levels ,Rate children < 6 w/blood lead levels 5-9 mcg/dL,rate per 1;000,,,
769,Elevated (&ge; 5 µg/dL) Blood Lead Levels ,Num. children < 6 w/blood lead levels >= 10 mcg/dL,num ge 10,NYC DOHMH population estimates,New York City DOHMH population estimates; modified from US Census Bureau intercensal population estimates; updated July 22; 2013,
772,Elevated (&ge; 5 µg/dL) Blood Lead Levels ,Rate children < 6 w/blood lead levels >= 10 mcg/dL,rate per 1;000,NYC DOHMH population estimates,New York City DOHMH population estimates; modified from US Census Bureau intercensal population estimates; updated July 22; 2013,
774,Elevated Blood Lead Levels,Num. children < 6 w/ blood lead levels >= 5 mcg/dL,Count,NYC LPPP,New York City Lead Poisoning Prevention Program (LPPP),
777,Elevated Blood Lead Levels,Perc. children < 6 w/blood lead levels >= 5 mcg/dL,Percent,NYC LPPP,New York City Lead Poisoning Prevention Program (LPPP),
776,Elevated Blood Lead Levels,Num. children < 6 w/blood lead levels 5-9 mcg/dL,Count,NYC LPPP,New York City Lead Poisoning Prevention Program (LPPP),
779,Elevated Blood Lead Levels,Rate children < 6 w/blood lead levels 5-9 mcg/dL,Rate,NYC LPPP,New York City Lead Poisoning Prevention Program (LPPP),
775,Elevated Blood Lead Levels,Num. children < 6 w/blood lead levels >= 10 mcg/dL,Count,NYC LPPP,New York City Lead Poisoning Prevention Program (LPPP),
778,Elevated Blood Lead Levels,Rate children < 6 w/blood lead levels >= 10 mcg/dL,Rate,NYC LPPP,New York City Lead Poisoning Prevention Program (LPPP),

NYC Department of Health and Mental Hygiene
Environment & Health Data Portal
Available at: http://nyc.gov/health/tracking Accessed 03/05/2016
